key,model,rule,y_cum20,y_peak,y_trough,y_std,y_tpeak,y_ttrough,piq_cum20,piq_peak,piq_trough,piq_std,piq_tpeak,piq_ttrough,irate_cum20,irate_peak,irate_trough,irate_std,irate_tpeak,irate_ttrough,rrate_cum20,rrate_peak,rrate_trough,rrate_std,rrate_tpeak,rrate_ttrough,cluster_raw,k_selected,silhouette
G2_SIGMA08||Growth,G2_SIGMA08,Growth,1.034857171587646,0.2237876057624817,-0.035097960382699966,0.09142265992114433,2,18,1.2262758916476741,0.2009129524230957,-0.0038095670752227306,0.06864797921984324,2,20,-2.239245902746916,0.03375478461384773,-0.9693226218223572,0.2592514795923791,8,0,-3.3523905682377517,0.016203593462705612,-1.1457329988479614,0.319925820759779,9,0,1,2,0.3978362051613031
G2_SIGMA08||Inertial_Taylor,G2_SIGMA08,Inertial_Taylor,0.816907417960465,0.19529259204864502,-0.022253500297665596,0.07548857237030947,1,17,0.9393629380501807,0.1597537249326706,0.00433484697714448,0.05218225685606327,2,20,-2.2239749962463975,0.04503847658634186,-0.9732359051704407,0.2658948951625301,8,0,-3.076304101385176,0.0403299443423748,-1.1173526048660278,0.3140636086938615,8,0,1,2,0.3978362051613031
G2_SIGMA08||Taylor,G2_SIGMA08,Taylor,0.06977229693438858,0.030144164338707924,-0.0011356869945302606,0.007792921969141779,0,16,0.05937934500980191,0.011685310862958431,0.00020219199359416962,0.003486889220718745,1,8,-0.8774102251627482,0.01812845654785633,-0.9813479781150818,0.21018481853667115,3,0,-0.927616373897763,0.013738183304667473,-0.9930332899093628,0.21222091147107947,3,0,1,2,0.3978362051613031
G3_CW03||Growth,G3_CW03,Growth,1.2854694044217467,0.21389123797416687,-0.04516538232564926,0.0954623990792217,4,17,1.1434097490273416,0.0935521125793457,0.006217322777956724,0.028951314691406466,6,20,-2.4759382396005094,0.04296363517642021,-0.993664562702179,0.2826501288516934,11,0,-3.594091484323144,0.02494613453745842,-1.0392934083938599,0.291227868110651,20,0,1,2,0.3978362051613031
G3_CW03||Inertial_Taylor,G3_CW03,Inertial_Taylor,0.9244347154162824,0.19080549478530884,-0.04842526838183403,0.0863408765567551,4,15,0.7759868907742202,0.0680089145898819,0.005574093200266361,0.021787414592663878,6,20,-2.4213986387476325,0.07009462267160416,-0.9945180416107178,0.28704131994557286,11,0,-3.1796693727374077,0.038511186838150024,-1.0305044651031494,0.2955407107731738,12,0,1,2,0.3978362051613031
G3_CW03||Taylor,G3_CW03,Taylor,0.08595701475860551,0.02121160179376602,-0.0035175220109522343,0.008504578926716033,2,12,0.049504851922392845,0.0046479650773108006,0.0005534659721888602,0.0014405690867027071,4,20,-0.8840898833004758,0.015318561345338821,-0.9951008558273315,0.21316325459396435,3,0,-0.9319846355356276,0.010670596733689308,-0.998347282409668,0.2133480881937376,3,0,1,2,0.3978362051613031
G7_TAY93||Growth,G7_TAY93,Growth,2.557754955254495,0.3121771514415741,0.014500885270535946,0.10189148900192072,2,20,1.5492204241454601,0.16796663403511047,0.018113311380147934,0.047836491440749106,3,20,-1.7878317198192235,0.06497019529342651,-0.9666163921356201,0.270899866465566,11,0,-3.298773718997836,0.02532653510570526,-1.0758202075958252,0.3045875284022803,14,0,1,2,0.3978362051613031
G7_TAY93||Inertial_Taylor,G7_TAY93,Inertial_Taylor,1.7160628971178085,0.2636597454547882,0.0036372391041368246,0.0916328308378727,1,20,0.7465601940639317,0.100395068526268,0.006407732143998146,0.030633406938411035,3,20,-2.096124433912337,0.05985027179121971,-0.9716358184814453,0.2727001258874164,10,0,-2.8139088097959757,0.04287230968475342,-1.0418034791946411,0.29729502169739624,11,0,1,2,0.3978362051613031
G7_TAY93||Taylor,G7_TAY93,Taylor,0.18732220435049385,0.0664571076631546,0.0006398800178430974,0.0156665889638753,0,20,0.06612074724398553,0.00788103323429823,0.0010008770041167736,0.0021497297857140238,1,20,-0.8095244853757322,0.02318812534213066,-0.9655264616012573,0.20736608460755357,1,0,-0.8732587608974427,0.016044603660702705,-0.973407506942749,0.20840346639844967,1,0,1,2,0.3978362051613031
NK_AFL15||Growth,NK_AFL15,Growth,1.3064429499208927,0.6488193273544312,0.0004600689862854779,0.1455599428293659,0,20,1.1787198986421572,0.6644590497016907,0.00018520599405746907,0.14714050896086892,0,20,-2.2271682599093765,-0.0012643509544432163,-0.8566045165061951,0.20571922333602935,20,0,-2.741568893310614,-0.001404142938554287,-1.110289454460144,0.2610913996072812,20,0,1,2,0.3978362051613031
NK_AFL15||Inertial_Taylor,NK_AFL15,Inertial_Taylor,1.2332780671131331,0.674256443977356,0.00027036599931307137,0.15207543058404058,0,20,0.7838733159151161,0.608173131942749,-0.010710297152400017,0.1338160098628484,0,3,-2.204824410029687,-0.0008631600067019463,-0.8587017059326172,0.20992551367400492,20,0,-2.3804881104733795,-0.0008266100194305182,-1.043789029121399,0.2449727449045897,20,0,1,2,0.3978362051613031
NK_AFL15||Taylor,NK_AFL15,Taylor,0.2332857298097224,0.27378201484680176,-0.035908058285713196,0.05933716468008191,0,1,0.041994723655079724,0.1246674433350563,-0.04955839365720749,0.02950072211274863,0,1,-0.8202973749503144,0.019006483256816864,-0.8163586854934692,0.1739874685159654,3,0,-0.7376074123458238,0.028240591287612915,-0.7668002843856812,0.1638839314257925,1,0,1,2,0.3978362051613031
NK_BGG99||Growth,NK_BGG99,Growth,5.274657770991325,1.3950159549713135,0.09508965909481049,0.3007378572228076,0,20,1.877166831895011,0.8275811672210693,-0.004558892920613289,0.1931702257156852,1,20,-0.9610111765796319,0.059234365820884705,-0.8256230354309082,0.20446602949030004,3,0,-2.832861375529319,0.02597229741513729,-1.6532042026519775,0.39417638723010834,8,0,1,2,0.3978362051613031
NK_BGG99||Inertial_Taylor,NK_BGG99,Inertial_Taylor,3.5503597408533096,1.0276412963867188,0.0627979263663292,0.2224158586301964,0,20,-0.49857109691947743,0.40931203961372375,-0.0652153342962265,0.1051315457072826,1,6,-2.692193578928709,-0.031022705137729645,-0.8715448379516602,0.20458271396619565,6,0,-2.1404336988925934,0.03368593752384186,-1.2808568477630615,0.307202748270009,6,0,1,2,0.3978362051613031
NK_BGG99||Taylor,NK_BGG99,Taylor,0.8043326959013939,0.31119856238365173,0.016786329448223114,0.06126140471780833,0,20,-0.2658039079979062,1.1699999925974646e-17,-0.014969228766858578,0.0034425600590352475,0,15,-0.9634613686066587,0.013607004657387733,-0.8444007039070129,0.17872533727832812,1,0,-0.6831836299970746,0.02281198278069496,-0.8352006077766418,0.17958590499215785,1,0,1,2,0.3978362051613031
NK_BGUS10||Growth,NK_BGUS10,Growth,3.6692995466291904,0.9603642225265503,0.008993754163384438,0.22917010065208523,0,20,0.9340604518074542,0.294024795293808,0.0022100789938122034,0.06475401090019722,0,20,-2.564585440326482,-0.00487472815439105,-0.8523896336555481,0.2028052139224793,20,0,-3.206405384466052,-0.00665905699133873,-0.9671834707260132,0.23352537298892775,20,0,1,2,0.3978362051613031
NK_BGUS10||Inertial_Taylor,NK_BGUS10,Inertial_Taylor,1.914886578997539,0.7821542620658875,6.358909740811214e-05,0.18603121929682706,0,20,0.3888155960894437,0.2139478325843811,1.028019960358506e-05,0.04634182775582716,0,20,-2.4591049618975376,-8.730359695618972e-05,-0.8821731209754944,0.22456934965852174,20,0,-2.6339791830832837,-9.377293463330716e-05,-0.9402236342430115,0.24006669120074264,20,0,1,2,0.3978362051613031
NK_BGUS10||Taylor,NK_BGUS10,Taylor,0.21140132388591026,0.24350416660308838,-0.031092140823602676,0.052617753126274806,0,1,0.03393416851950707,0.05725911632180214,-0.025507638230919838,0.013590508206160645,0,1,-0.8433981000930196,0.01197079662233591,-0.8567757606506348,0.18264579451852708,3,0,-0.8200731616680292,0.012071510776877403,-0.8312681317329407,0.17719279058817172,2,0,1,2,0.3978362051613031
NK_CFP10||Growth,NK_CFP10,Growth,6.776672727428377,2.7728965282440186,0.015479291789233685,0.6072019578566568,0,20,2.593324035871774,0.9171602725982666,0.004416053183376789,0.21019378037697775,0,20,-0.08647334459237754,0.294593870639801,-0.5674041509628296,0.14608307141539054,3,0,-1.766332131344825,0.1058359444141388,-1.0236923694610596,0.23150434701234238,3,0,0,2,0.3978362051613031
NK_CFP10||Inertial_Taylor,NK_CFP10,Inertial_Taylor,3.6786152664572,2.155967950820923,0.001968607073649764,0.48097160976020953,0,20,0.5515277176164091,0.5020878911018372,-0.019930845126509666,0.11120700058569874,0,3,-1.3298181596328504,-0.0006983639905229211,-0.6834332346916199,0.1587925525132836,20,0,-1.3787966865638737,-0.00023706999490968883,-0.8268857002258301,0.1878886463714926,20,0,0,2,0.3978362051613031
NK_CFP10||Taylor,NK_CFP10,Taylor,0.7480704713379964,0.7882077693939209,-0.0538555271923542,0.16888783372648253,0,1,0.03683475300204009,0.10280674695968628,-0.028423050418496132,0.02348786165235579,0,1,-0.5703895514743635,0.015881458297371864,-0.5673435926437378,0.12087630995736018,3,0,-0.5043184416863369,0.017669888213276863,-0.538920521736145,0.11528522491525178,3,0,0,2,0.3978362051613031
NK_CGG02||Growth,NK_CGG02,Growth,1.6413445867456176,0.7796738743782043,2.1076100892969407e-05,0.1818411964137142,0,20,1.552488280378384,0.695857584476471,2.2563499442185275e-05,0.16353078983280406,0,20,-1.6711897719960689,-1.6616799257462844e-05,-0.8373041152954102,0.2008795006167244,20,0,-2.527834127562528,-3.0271698051365092e-05,-1.2022006511688232,0.2864811466626753,20,0,1,2,0.3978362051613031
NK_CGG02||Inertial_Taylor,NK_CGG02,Inertial_Taylor,1.3117543014092057,0.704458475112915,2.0499999919820766e-08,0.16460417609354627,0,20,0.9897479299571614,0.5586502552032471,1.5299999489570837e-08,0.12836605996972844,0,20,-1.8595009151566515,-4.449999835287599e-08,-0.859569251537323,0.21229456783925418,20,0,-2.2905985970426563,-5.106999978465865e-08,-1.118478536605835,0.26967857689628344,20,0,1,2,0.3978362051613031
NK_CGG02||Taylor,NK_CGG02,Taylor,0.20650344697825473,0.2392580360174179,-0.01932683028280735,0.05152303094858909,0,1,0.0693372237964664,0.08881921321153641,-0.014002381823956966,0.019384978641694833,0,1,-0.7927424425037407,0.023238642141222954,-0.8470637798309326,0.18112295297538894,3,0,-0.7732604520779784,0.024158505722880363,-0.8330613970756531,0.17822825704877637,1,0,1,2,0.3978362051613031
NK_CK08||Growth,NK_CK08,Growth,1.8139401422813535,0.19488944113254547,0.012537929229438305,0.06196747449107522,2,20,0.21090103324968368,0.032836444675922394,0.001080046989955008,0.009406130739950207,0,20,-3.6250653518363833,-0.009416782297194004,-0.9812252521514893,0.2527603230033801,20,0,-3.8040387593209743,-0.01032562367618084,-1.0093281269073486,0.2604489559592477,20,0,1,2,0.3978362051613031
NK_CK08||Inertial_Taylor,NK_CK08,Inertial_Taylor,1.1169021475070622,0.1594955325126648,0.00047195798833854496,0.05598477138503199,2,20,0.11416035045368744,0.025461724027991295,5.0199997758682e-07,0.0075353703542797605,0,20,-3.2718291060919,0.0006264600087888539,-0.9839577674865723,0.2641923489665027,18,0,-3.3605245620710775,0.0006185485399328172,-1.004883885383606,0.27025679573941963,18,0,1,2,0.3978362051613031
NK_CK08||Taylor,NK_CK08,Taylor,0.09061299581480853,0.030780654400587082,8.28456995805027e-06,0.007835299711916873,0,20,0.006033330648492097,0.0028571460861712694,1.7899999704695801e-07,0.0006527071294683648,0,20,-0.9456440900698908,0.011713800951838493,-0.9835382699966431,0.2098801289520456,1,0,-0.9488204191966361,0.010876228101551533,-0.9847566485404968,0.21011590533599953,1,0,1,2,0.3978362051613031
NK_CW09||Growth,NK_CW09,Growth,7.373788666445762,2.8439559936523438,0.005471768788993359,0.643190217162879,0,20,2.538392575457692,0.7210501432418823,0.002336004050448537,0.17766890025256016,0,20,-0.18177080345049035,0.2987472712993622,-0.5769070386886597,0.1479202895714474,3,0,-2.000882192282006,0.09397850930690765,-1.0215345621109009,0.23149527159033195,3,0,0,2,0.3978362051613031
NK_CW09||Inertial_Taylor,NK_CW09,Inertial_Taylor,3.736831305844021,2.1477255821228027,-2.369920002820436e-05,0.492774070995545,0,10,0.5890980758772457,0.3623577058315277,-0.0005191040108911693,0.08200385672129785,0,7,-1.2479896403474413,0.0041610319167375565,-0.6975632905960083,0.16394237603628575,6,0,-1.4747277689693874,0.004680135753005743,-0.8492544889450073,0.1973981331086174,6,0,0,2,0.3978362051613031
NK_CW09||Taylor,NK_CW09,Taylor,0.8176921431613664,0.7987602949142456,-0.005556317046284676,0.16993201330707114,0,2,0.07691205819673996,0.07562662661075592,-0.002342479070648551,0.01610673105805157,0,1,-0.4757901517996288,0.027219468727707863,-0.5722598433494568,0.12320632397560631,1,0,-0.4770765101284269,0.028066959232091904,-0.5699173808097839,0.12266120827206979,1,0,0,2,0.3978362051613031
NK_DEFK17||Growth,NK_DEFK17,Growth,1.6692842988850316,0.5479986667633057,-0.001981025096029043,0.1355089030120564,0,20,0.8616402364423266,0.39061886072158813,-0.0017490979516878724,0.0913451748414695,0,19,-2.6858181501738727,-0.006922453176230192,-0.8948796391487122,0.21612430386580345,20,0,-3.1551716928370297,-0.005254613235592842,-1.0945460796356201,0.26347841278642475,20,0,1,2,0.3978362051613031
NK_DEFK17||Inertial_Taylor,NK_DEFK17,Inertial_Taylor,1.1602022498263977,0.48811033368110657,-0.002627837937325239,0.11998510685513306,0,16,0.5487760075193364,0.3289133310317993,-0.002442243043333292,0.0758541655793642,0,8,-2.5842696190811694,-0.0036349049769341946,-0.9081506133079529,0.2279303078114411,20,0,-2.803537064930424,-0.003039649920538068,-1.058191180229187,0.2607406940238659,20,0,1,2,0.3978362051613031
NK_DEFK17||Taylor,NK_DEFK17,Taylor,0.09844453434925526,0.15544915199279785,-0.011832303367555141,0.033800303987764464,0,1,0.023859019829615136,0.05556809529662132,-0.015052364207804203,0.012639451492353515,0,1,-0.9150492715416476,0.009277247823774815,-0.9014374017715454,0.19187876847160232,1,0,-0.8833879713201895,0.016510378569364548,-0.8863850235939026,0.18888027046382497,1,0,1,2,0.3978362051613031
NK_DT12||Growth,NK_DT12,Growth,4.486834472299961,2.516909122467041,0.0001050729988492094,0.5574994128533278,0,20,2.4077672115017776,1.008239507675171,8.175060065696016e-05,0.23579404833160286,0,20,-0.3881784019558836,0.2587026357650757,-0.5908638834953308,0.14602724085963625,3,0,-1.7877580291697086,0.10972560942173004,-1.095599889755249,0.25088091831508486,3,0,0,2,0.3978362051613031
NK_DT12||Inertial_Taylor,NK_DT12,Inertial_Taylor,3.182845463680068,2.046687364578247,-0.002707886043936014,0.4604379073886929,0,5,0.7852014679985811,0.5567755103111267,-0.0010131469462066889,0.12259921419106876,0,4,-1.2307749997744073,0.0006976969889365137,-0.6919663548469543,0.16215368116448264,5,0,-1.4592009296466346,0.0009710750309750438,-0.8737763166427612,0.20016858086957215,5,0,0,2,0.3978362051613031
NK_DT12||Taylor,NK_DT12,Taylor,0.6974915392606036,0.7643920183181763,-0.03597535565495491,0.16376468623101642,0,1,0.05443889799277452,0.0705542117357254,-0.012430034577846527,0.015447562926934826,0,1,-0.5695958679237247,0.013869459740817547,-0.5913461446762085,0.12621305097092095,3,0,-0.553480576208703,0.013141929171979427,-0.5789161324501038,0.12361070814334511,3,0,0,2,0.3978362051613031
NK_ET14||Growth,NK_ET14,Growth,0.05045386507117655,0.040775638073682785,-0.005006496794521809,0.012273333084592844,0,13,4.00511759519577,0.2630532681941986,0.13914312422275543,0.03531210150031893,0,20,0.9733665715903044,0.2573683261871338,-0.9702417850494385,0.3373183821955837,14,0,-2.903315745294094,0.10235719382762909,-1.2204389572143555,0.3659955645790106,18,0,1,2,0.3978362051613031
NK_ET14||Inertial_Taylor,NK_ET14,Inertial_Taylor,0.04952439313638024,0.04076865687966347,-0.004977751988917589,0.012261062192302705,0,12,4.007455796003342,0.2630031108856201,0.13923200964927673,0.03523541477632552,0,20,1.0141547061502934,0.25753459334373474,-0.9702473878860474,0.3376604125669814,14,0,-2.8649817258119583,0.10101069509983063,-1.2203938961029053,0.36612251092156317,17,0,1,2,0.3978362051613031
NK_ET14||Taylor,NK_ET14,Taylor,-0.019548491189198103,0.02566682919859886,-0.004918642807751894,0.006088736960763998,0,3,2.6926627457141876,0.16591127216815948,0.09328701347112656,0.02116407712988636,0,20,2.8142638877034187,0.23369325697422028,-0.9249498844146729,0.238533045271838,3,0,0.19759370386600494,0.08485335111618042,-1.0825538635253906,0.24546976351391397,3,0,1,2,0.3978362051613031
NK_FLMF18||Growth,NK_FLMF18,Growth,1.6544948513510462,0.7453628182411194,4.2932599171763286e-05,0.17509783628601622,0,20,1.5723713757179212,0.819537341594696,4.024759982712567e-05,0.18040319941116756,0,20,-1.641297738353387,-2.639179911056999e-05,-0.8299980163574219,0.19843056914448387,20,0,-2.394156957845553,-5.158509884495288e-05,-1.1185053586959839,0.2667273030523353,20,0,1,2,0.3978362051613031
NK_FLMF18||Inertial_Taylor,NK_FLMF18,Inertial_Taylor,1.3187197136311752,0.6748038530349731,1.1899999918796311e-07,0.15869799580829957,0,20,1.000223408121311,0.6729333996772766,5.840000127932399e-08,0.14614754073550867,0,20,-1.8403047113951772,-1.8100000431786611e-07,-0.8525620102882385,0.20952502355582692,20,0,-2.1675947811355627,-2.0769999764524982e-07,-1.0420846939086914,0.25148269048173655,20,0,1,2,0.3978362051613031
NK_FLMF18||Taylor,NK_FLMF18,Taylor,0.2052844278858112,0.22696255147457123,-0.014903943054378033,0.04871095657108243,0,1,0.07353415228548266,0.13154497742652893,-0.06026940420269966,0.03139370613548423,0,1,-0.7870565743012806,0.025830179452896118,-0.8371893763542175,0.17905373783118841,3,0,-0.7290457363456082,0.022721322253346443,-0.776919960975647,0.166180939760855,3,0,1,2,0.3978362051613031
NK_GHP16||Growth,NK_GHP16,Growth,2.2712498160544783,1.0217559337615967,0.0021653370931744576,0.23752290883813812,0,20,1.6533568562881555,0.7020981311798096,-0.0005245499778538942,0.16632583639559287,0,20,-1.511082467972301,0.01951572112739086,-0.8064588308334351,0.19094483618276717,3,0,-2.4618059420608915,-0.0005098629626445472,-1.1851766109466553,0.2801256841288291,20,0,1,2,0.3978362051613031
NK_GHP16||Inertial_Taylor,NK_GHP16,Inertial_Taylor,1.6959888277342543,0.8983083367347717,0.0014315929729491472,0.20938577594504312,0,20,0.8866471500950865,0.5266491174697876,-0.0020029540173709393,0.12133979881507449,0,9,-1.8122282205149531,-0.001988200005143881,-0.8383381366729736,0.2050297416138481,20,0,-2.1705677419668064,-0.00032961496617645025,-1.0796568393707275,0.25893215457846885,20,0,1,2,0.3978362051613031
NK_GHP16||Taylor,NK_GHP16,Taylor,0.2723615411523497,0.3068206012248993,-0.02266843616962433,0.0659541455281533,0,1,0.06053957459516823,0.08542142063379288,-0.013105547986924648,0.01868439134549508,0,1,-0.7723467188770883,0.021673595532774925,-0.8145566582679749,0.17405315145065484,3,0,-0.7471785868692677,0.021558629348874092,-0.8014510869979858,0.17141683304658917,1,0,1,2,0.3978362051613031
NK_GK11||Growth,NK_GK11,Growth,5.138504549860954,0.4940570592880249,0.057259440422058105,0.14995969621917304,2,20,2.3523143969941884,0.6309373378753662,-0.02978004515171051,0.19498558937121677,0,20,-0.11766463122330606,0.27146071195602417,-0.9007350206375122,0.2612805188297424,5,0,-1.8096484122797847,0.17863096296787262,-1.4724535942077637,0.39141302582946463,6,0,1,2,0.3978362051613031
NK_GK11||Inertial_Taylor,NK_GK11,Inertial_Taylor,3.678619474172592,0.3829213082790375,0.03765810281038284,0.11858793212462417,2,20,-0.22380023449659348,0.3710487186908722,-0.07926463335752487,0.12312898336023945,0,9,-2.179918925045058,0.06487177312374115,-0.933391809463501,0.23417311667453689,6,0,-1.5346971899271011,0.14019447565078735,-1.221966028213501,0.32246170666489676,6,0,1,2,0.3978362051613031
NK_GK11||Taylor,NK_GK11,Taylor,0.9796362640336156,0.08118458837270737,0.01212942786514759,0.024255510377561622,3,20,-0.1693066622246988,0.04235949367284775,-0.01833004131913185,0.013337268242968273,0,18,-0.7234700244152918,0.05617319047451019,-0.9537102580070496,0.20718901625662944,3,0,-0.49425057228654623,0.05592350289225578,-0.9553090333938599,0.2092576441561479,3,0,1,2,0.3978362051613031
NK_GK13||Growth,NK_GK13,Growth,4.635616239160299,0.5509448647499084,0.045756690204143524,0.1774226998100221,2,20,2.091858764179051,0.7708249688148499,-0.02715999446809292,0.20934121964872074,0,15,-0.573924457654357,0.25371313095092773,-0.8830710649490356,0.2458811328691481,5,0,-1.874421026557684,0.18075905740261078,-1.420066237449646,0.366909860902111,5,0,1,2,0.3978362051613031
NK_GK13||Inertial_Taylor,NK_GK13,Inertial_Taylor,3.323631402105093,0.42561256885528564,0.03225398436188698,0.13843275994280507,2,20,-0.12264342419803143,0.45929452776908875,-0.07937667518854141,0.13163440830803813,0,8,-2.2383838663809,0.060688041150569916,-0.9216174483299255,0.22647740342685482,6,0,-1.614206962287426,0.13801559805870056,-1.1889545917510986,0.3067858026414608,6,0,1,2,0.3978362051613031
NK_GK13||Taylor,NK_GK13,Taylor,0.8848471427336335,0.09302302449941635,0.008742759935557842,0.030670653331060522,2,20,-0.13061105558881536,0.06259909272193909,-0.0183601975440979,0.018227415143054676,0,14,-0.716610660078004,0.07866562902927399,-0.9422353506088257,0.20601638343736747,3,0,-0.508033930324018,0.07341756671667099,-0.9493809938430786,0.20852990827551804,3,0,1,2,0.3978362051613031
NK_GLSV07||Growth,NK_GLSV07,Growth,2.4664850983190263,2.222168445587158,-0.10607805103063583,0.4756141055021554,0,2,2.3649219957235914,2.0130364894866943,-0.024101421236991882,0.4276463846190121,0,2,-0.44863085479300935,0.24776946008205414,-0.5335067510604858,0.13300069408407128,3,0,-0.8003749015406356,0.10934026539325714,-0.7063373923301697,0.15475700381240937,3,0,0,2,0.3978362051613031
NK_GLSV07||Inertial_Taylor,NK_GLSV07,Inertial_Taylor,1.9509512097138213,1.9259309768676758,-0.10268957167863846,0.41333633137484077,0,3,1.396370746428147,1.6061186790466309,-0.15707820653915405,0.34621928058379053,0,2,-0.925587955978699,0.05202633887529373,-0.6086850166320801,0.14126418244559077,3,0,-0.715065476601012,0.038749951869249344,-0.6169732809066772,0.13332871852246053,3,0,0,2,0.3978362051613031
NK_GLSV07||Taylor,NK_GLSV07,Taylor,0.4659952652600623,0.6787489056587219,-0.17048323154449463,0.1522535601550198,0,1,0.19945872239622986,0.3880542516708374,-0.17893508076667786,0.09349055479589544,0,1,-0.46752513809042284,0.06209908053278923,-0.5151051878929138,0.11156567028526237,3,0,-0.2788030816882383,0.03196341544389725,-0.33617010712623596,0.07308319227587637,3,0,0,2,0.3978362051613031
NK_GM07||Growth,NK_GM07,Growth,12.783194314688444,3.799293279647827,0.05360741540789604,0.8298416474714093,0,20,3.2941936925053596,0.6255804300308228,0.01578725129365921,0.1588544663062601,0,20,1.0149883860722184,0.4298206865787506,-0.46644020080566406,0.14987342200616588,3,0,-1.6668641408905387,0.15465909242630005,-0.9064561724662781,0.20635848653702987,3,0,0,2,0.3978362051613031
NK_GM07||Inertial_Taylor,NK_GM07,Inertial_Taylor,4.644408904482297,2.7813913822174072,2.3600000426116097e-11,0.6306173402374236,0,20,0.37261565586622286,0.23080231249332428,1.5500000371745926e-12,0.05187466374344017,0,20,-1.1188720934831584,-7.739999613454174e-12,-0.6306883692741394,0.145391067406272,20,0,-1.2606854665338927,-8.112999855258707e-12,-0.7233477234840393,0.16584099788807768,20,0,0,2,0.3978362051613031
NK_GM07||Taylor,NK_GM07,Taylor,0.9450242645658935,1.011533498764038,-0.030761612579226494,0.2162935588093864,0,1,0.04185718582813303,0.047305699437856674,-0.0033040170092135668,0.01016262919824075,0,1,-0.4647020728844276,0.008148419670760632,-0.47649359703063965,0.10161663812515125,3,0,-0.4592535719132476,0.007973761297762394,-0.4731895923614502,0.10093744038901944,3,0,0,2,0.3978362051613031
NK_GSSZ17||Growth,NK_GSSZ17,Growth,2.6160008251390536,0.8671409487724304,-0.00589109817519784,0.22852813334742503,0,15,1.0521277626103256,0.202644944190979,-0.0005233570118434727,0.06699300927750967,2,0,-2.437108291313052,0.0014940790133550763,-0.8916564583778381,0.22269301761450724,18,0,-3.489992158662062,0.0011806889669969678,-1.0611921548843384,0.2818605700748525,19,0,1,2,0.3978362051613031
NK_GSSZ17||Inertial_Taylor,NK_GSSZ17,Inertial_Taylor,1.7016780567355454,0.7358421087265015,-0.013446420431137085,0.19014205564723302,0,8,0.5210888190194964,0.1300036609172821,-0.054007966071367264,0.044789504129537,2,0,-2.377333949203603,0.011626365594565868,-0.9130829572677612,0.24050631756013038,9,0,-2.9540394343202934,0.009491617791354656,-1.0109347105026245,0.27794753465492894,10,0,1,2,0.3978362051613031
NK_GSSZ17||Taylor,NK_GSSZ17,Taylor,0.19743868630030192,0.22966556251049042,-0.007808572147041559,0.049313220940399624,0,3,0.02831821685686009,0.03093336895108223,-0.0325300395488739,0.010421668377194614,1,0,-0.8593101105070673,0.017482899129390717,-0.8973659873008728,0.1915491463277544,4,0,-0.9203639814513735,0.01700919307768345,-0.9282993674278259,0.19785734158492538,4,0,1,2,0.3978362051613031
NK_IR04||Growth,NK_IR04,Growth,1.544998124754784,0.6783192157745361,3.421569999773055e-05,0.1611537772370408,0,20,1.4432108898217848,0.6026627421379089,3.5101398680126294e-05,0.1442899081901964,0,20,-1.8350494582609826,-2.975839925056789e-05,-0.8587104678153992,0.20791600949861405,20,0,-2.6756194382433023,-5.1506398449419066e-05,-1.1966891288757324,0.28875621449128064,20,0,1,2,0.3978362051613031
NK_IR04||Inertial_Taylor,NK_IR04,Inertial_Taylor,1.2416639243907213,0.6167885065078735,3.339999921081471e-08,0.14661110789292986,0,20,0.9290046132768843,0.4846994876861572,2.2500000085301508e-08,0.11323268370825061,0,20,-1.985661000071545,-6.599999835543713e-08,-0.8774608373641968,0.21868807758704972,20,0,-2.429966180320946,-7.554000092113711e-08,-1.1212455034255981,0.27406103017856703,20,0,1,2,0.3978362051613031
NK_IR04||Taylor,NK_IR04,Taylor,0.18566276332233053,0.20924633741378784,-0.013391297310590744,0.04493618276261319,0,1,0.05826463752674696,0.07152112573385239,-0.00920903030782938,0.015515060347954175,0,1,-0.8197716273814856,0.019807450473308563,-0.8685563802719116,0.18560008475621317,3,0,-0.806515131296417,0.020631009712815285,-0.8593473434448242,0.18370011531167454,1,0,1,2,0.3978362051613031
NK_KM16||Growth,NK_KM16,Growth,0.6899363147094846,0.3291443884372711,0.0041261399164795876,0.0754059901275422,0,20,1.453081483266459,0.8001660704612732,-4.3890300730708987e-05,0.1833514098524188,0,20,-1.81182724685641,-6.146889791125432e-05,-0.8838413953781128,0.2165909912054173,17,0,-2.4646981118385156,-1.902430085465312e-05,-1.2526482343673706,0.29903132964274126,18,0,1,2,0.3978362051613031
NK_KM16||Inertial_Taylor,NK_KM16,Inertial_Taylor,0.6301655711140484,0.31459084153175354,0.0036462999414652586,0.07221896776500496,0,20,1.1405500879045576,0.7295624017715454,-0.0038905059918761253,0.16697918563119984,0,7,-1.9540532929822803,-0.0038115910720080137,-0.8922796845436096,0.2203560686803875,8,0,-2.361272793961689,1.006200909614563e-05,-1.2092543840408325,0.28985040874755175,8,0,1,2,0.3978362051613031
NK_KM16||Taylor,NK_KM16,Taylor,0.09826143510872498,0.10525447875261307,-0.010333352722227573,0.02264095721018744,0,1,0.07305242310394533,0.11446315050125122,-0.02404112182557583,0.02537202384245492,0,1,-0.8401186235860223,0.029253896325826645,-0.9044491052627563,0.1935893885186607,3,0,-0.7981872634845786,0.03792320191860199,-0.880407989025116,0.18872338741756964,1,0,1,2,0.3978362051613031
NK_KRS12||Growth,NK_KRS12,Growth,0.537583282450214,0.2601664662361145,-0.03459930792450905,0.08548896964315167,1,6,2.3848848762572743,0.615003764629364,-0.04632570967078209,0.20434606666719954,1,8,-0.5118850339204073,0.20128083229064941,-0.9256928563117981,0.2561019141292741,5,0,-2.435112831182778,0.23130080103874207,-1.540696620941162,0.4359576482767671,6,0,1,2,0.3978362051613031
NK_KRS12||Inertial_Taylor,NK_KRS12,Inertial_Taylor,0.4971935760695487,0.24516570568084717,-0.03583485260605812,0.08058814141284633,1,6,2.1793612788897008,0.5636630654335022,-0.03968781605362892,0.18326646623383178,1,8,-0.5723021049052477,0.20365947484970093,-0.9303253889083862,0.25928989097790806,6,0,-2.3254198655486107,0.24330811202526093,-1.4939885139465332,0.42228418233940873,6,0,1,2,0.3978362051613031
NK_KRS12||Taylor,NK_KRS12,Taylor,0.06847584813658614,0.060244329273700714,-0.0027325800620019436,0.014252469245457904,0,11,0.35397055093199015,0.07384800910949707,0.004084916785359383,0.0179604250804107,0,20,-0.44454977475106716,0.07357139885425568,-0.9421848058700562,0.2069937475249334,3,0,-0.7284217567648739,0.053455375134944916,-0.99870365858078,0.2160083921595614,3,0,1,2,0.3978362051613031
NK_KW16||Growth,NK_KW16,Growth,8.034493565559387,0.7976281046867371,0.09472858160734177,0.2430355521494035,2,20,2.7800759617239237,0.9290108680725098,-0.05187980458140373,0.26485122583595894,0,18,0.7833635848946869,0.44540563225746155,-0.8522318601608276,0.29041688605555943,5,0,-1.0193063355982304,0.31291764974594116,-1.5344350337982178,0.4180015688066752,5,0,1,2,0.3978362051613031
NK_KW16||Inertial_Taylor,NK_KW16,Inertial_Taylor,4.860563203692436,0.540860652923584,0.04744838550686836,0.17121595652230093,2,20,-0.7797164265066385,0.44122937321662903,-0.11936301738023758,0.1384825855538707,0,8,-2.290538527071476,0.0873350128531456,-0.9163588285446167,0.22647119879400737,6,0,-1.0034748427569866,0.20250079035758972,-1.1711270809173584,0.31307272219763776,6,0,1,2,0.3978362051613031
NK_KW16||Taylor,NK_KW16,Taylor,1.2628020327538252,0.1190132424235344,0.013712232932448387,0.03713435877246252,3,20,-0.24720639211591333,0.059990767389535904,-0.02681482583284378,0.020372669212434143,0,15,-0.6840689924429171,0.09039263427257538,-0.9371805191040039,0.2066225875541854,3,0,-0.353730283677578,0.08681564778089523,-0.9431478977203369,0.20947323525251804,3,0,1,2,0.3978362051613031
NK_MCN99cr||Growth,NK_MCN99cr,Growth,0.3266800777464596,0.128668874502182,4.911939868179616e-06,0.03192588297332682,0,20,0.9674360929411705,0.3862125277519226,1.4565700439561624e-05,0.09501679626882685,0,20,-2.5487542583614413,-3.887690036208369e-05,-0.9477089643478394,0.24318695121438183,20,0,-3.129986545071006,-4.7635861847084016e-05,-1.181860327720642,0.30033387484510743,20,0,1,2,0.3978362051613031
NK_MCN99cr||Inertial_Taylor,NK_MCN99cr,Inertial_Taylor,0.30751963666341453,0.12540526688098907,1.4289599903349881e-06,0.0310833216074905,0,20,0.8630699064456167,0.36403536796569824,3.86356987291947e-06,0.08892807943263013,0,20,-2.551610197669106,-1.3062300240562763e-05,-0.9501960277557373,0.24559529176270659,20,0,-3.05064690008021,-1.5232820260280278e-05,-1.1659021377563477,0.29746698576534264,20,0,1,2,0.3978362051613031
NK_MCN99cr||Taylor,NK_MCN99cr,Taylor,0.034963649882300364,0.03790714964270592,-0.0016291580395773053,0.008114094935138393,0,1,0.036724229542392545,0.04200923070311546,-0.003514495911076665,0.009038413341261086,0,1,-0.9274318595809186,0.013620946556329727,-0.9652929902076721,0.20602606796245687,1,0,-0.9221468860821065,0.015196206048130989,-0.9617785215377808,0.20530184568014248,1,0,1,2,0.3978362051613031
NK_MI14||Growth,NK_MI14,Growth,0.5408975039546817,0.4659668803215027,-0.006396584212779999,0.09918408888115259,0,3,1.8612763864362023,2.302074432373047,-0.7097156047821045,0.5226703089384752,0,1,-1.2080868172081978,0.077567920088768,-0.7259346842765808,0.17378270038355473,3,0,-0.7672873886858156,0.0064163729548454285,-0.6607544422149658,0.1401013094407994,4,1,0,2,0.3978362051613031
NK_MI14||Inertial_Taylor,NK_MI14,Inertial_Taylor,0.493549112656531,0.44791847467422485,-0.012355128303170204,0.09550403640994352,0,3,1.6427685984477876,2.1942732334136963,-0.7165040373802185,0.501261939168365,0,1,-1.2890732463983738,0.0369604155421257,-0.7382971048355103,0.17749857608909703,3,0,-0.7375681827623453,0.014728862792253494,-0.6424329280853271,0.1364162191930404,4,1,0,2,0.3978362051613031
NK_MI14||Taylor,NK_MI14,Taylor,0.07964183228432375,0.13757076859474182,-0.07348388433456421,0.03429638671503726,0,1,0.22413472074549645,0.6216126680374146,-0.5713194012641907,0.1904622573898701,0,1,-0.6240957897389308,0.09240993857383728,-0.6981098651885986,0.15437414005132066,2,0,-0.22651956854679156,0.11493145674467087,-0.19853629171848297,0.05675288450252103,2,1,0,2,0.3978362051613031
NK_MM10||Growth,NK_MM10,Growth,5.236155591439456,0.5524786114692688,0.007524540182203054,0.1942021713727216,3,20,2.3363865986466408,0.21365654468536377,0.006434625014662743,0.07168813503793704,5,20,-0.5742148887366056,0.15258660912513733,-0.9515475630760193,0.27944785424907065,9,0,-2.845762111246586,0.05737483128905296,-1.0773580074310303,0.3086544244000163,13,0,1,2,0.3978362051613031
NK_MPT10||Growth,NK_MPT10,Growth,0.5457222920376807,0.33442211151123047,0.003317068098112941,0.07183716095312229,0,20,1.7845305969531182,1.4865779876708984,-0.00926536787301302,0.3184518247645784,0,3,-1.308702406269731,0.05090634152293205,-0.8188305497169495,0.19626388558729208,3,0,-1.605745673412457,0.03980780392885208,-1.0810189247131348,0.24948653541763474,3,0,1,2,0.3978362051613031
NK_MPT10||Inertial_Taylor,NK_MPT10,Inertial_Taylor,0.5098530374234542,0.3235464096069336,0.0010560989612713456,0.06968169255338041,0,3,1.5181090882979333,1.4050860404968262,-0.03879554197192192,0.3019748429458705,0,3,-1.449312411918072,0.025728944689035416,-0.827829897403717,0.1987721095687975,4,0,-1.5593412481248379,0.032497964799404144,-1.0474028587341309,0.24180070163911058,4,0,1,2,0.3978362051613031
NK_MPT10||Taylor,NK_MPT10,Taylor,0.09155834537523333,0.11403451859951019,-0.028447149321436882,0.0253390196291475,0,1,0.15149987830591272,0.2931576371192932,-0.15150919556617737,0.07177597050668928,0,1,-0.726031900398084,0.05649178847670555,-0.8330486416816711,0.1797110448136297,3,0,-0.5839777978835627,0.04230281338095665,-0.6815394163131714,0.1471205978965644,3,0,0,2,0.3978362051613031
NK_NS14||Growth,NK_NS14,Growth,42.75098741054535,12.50521469116211,0.5495742559432983,2.5181241050776277,0,20,9.509457170963287,1.6857801675796509,0.05254669487476349,0.42159686916888983,0,20,11.196395955979824,1.8573075532913208,0.05085928738117218,0.4781377630282641,3,20,3.3294847048819065,1.0442535877227783,-0.39014214277267456,0.26200408639340417,3,0,0,2,0.3978362051613031
NK_NS14||Inertial_Taylor,NK_NS14,Inertial_Taylor,6.292274734005332,5.390991687774658,-0.05495397374033928,1.1510828134754585,0,3,0.10441008489578962,0.2725825011730194,-0.01657746359705925,0.06024438967232401,0,3,-0.6566360183060169,-0.008495738729834557,-0.3005714416503906,0.06321628433409753,20,0,-0.4821697734296322,-0.002201915718615055,-0.3209238350391388,0.06882125742343154,20,0,0,2,0.3978362051613031
NK_NS14||Taylor,NK_NS14,Taylor,1.4385663827997632,1.558754801750183,-0.07245317101478577,0.33380657451195767,0,1,0.00899459165520966,0.06304861605167389,-0.010040607303380966,0.014137516229223176,0,1,-0.26395307993516326,0.0023064559791237116,-0.19697940349578857,0.04137367480622296,3,0,-0.20854381879325956,0.00460259523242712,-0.1869387924671173,0.039655597099623255,3,0,0,2,0.3978362051613031
NK_PP17||Growth,NK_PP17,Growth,1.9470054371049628,0.7009938359260559,0.0008048469899222255,0.16856129700877873,0,20,1.3161632312403526,0.5373827815055847,0.0004024840018246323,0.12549507848000124,0,20,-2.022530095418915,-0.0005545900203287601,-0.8619961142539978,0.20781836300663697,20,0,-2.8016066178679466,-0.0008506580488756299,-1.145066499710083,0.2745821300840279,20,0,1,2,0.3978362051613031
NK_PP17||Inertial_Taylor,NK_PP17,Inertial_Taylor,1.4889157973229885,0.624736487865448,0.00015604999498464167,0.150119564712686,0,20,0.6927898338849445,0.4100306034088135,-0.00032551601179875433,0.09349858777365816,0,8,-2.2157574204175035,-0.00019493700528983027,-0.8834675550460815,0.2203310161122111,20,0,-2.498513124504825,-0.0001914264285005629,-1.0641978979110718,0.2593087491708447,20,0,1,2,0.3978362051613031
NK_PP17||Taylor,NK_PP17,Taylor,0.2215318211938211,0.20715142786502838,-0.004853570833802223,0.04400600980256291,0,1,0.004885366512553446,0.05818428471684456,-0.026585200801491737,0.014289804891515141,0,1,-0.8818914135981686,0.00942287128418684,-0.8746051788330078,0.1862370486231998,1,0,-0.8285893495740311,0.02184903621673584,-0.8480199575424194,0.1809187668561652,1,0,1,2,0.3978362051613031
NK_RA16||Growth,NK_RA16,Growth,3.4916053153574467,0.4175782799720764,0.03456728160381317,0.12472537826190967,0,20,2.3812806985806674,0.9960763454437256,-0.02364705316722393,0.24683016785517603,0,17,-0.17997231474146247,0.22775709629058838,-0.85442054271698,0.2370090782362323,4,0,-1.5446044402197003,0.1550828218460083,-1.4376463890075684,0.36557583252500997,5,0,1,2,0.3978362051613031
NK_RA16||Inertial_Taylor,NK_RA16,Inertial_Taylor,3.0251952446997166,0.3571214973926544,0.03241489827632904,0.10717190188165035,0,20,0.2253252025693655,0.6659973859786987,-0.06717973202466965,0.17185379798769562,0,10,-1.877461152849719,0.0665040835738182,-0.892922580242157,0.21982187910037318,5,0,-1.395535321906209,0.12725600600242615,-1.2189968824386597,0.3085425322174647,6,0,1,2,0.3978362051613031
NK_RA16||Taylor,NK_RA16,Taylor,0.7335683070123196,0.10086870938539505,0.00896273460239172,0.023535209755971623,0,20,-0.060927890066523105,0.02978990226984024,-0.015538185834884644,0.013308456215020156,0,17,-0.690885212039575,0.057101331651210785,-0.9383944272994995,0.20419224276549824,3,0,-0.5859184605069458,0.04602162167429924,-0.9537267088890076,0.20768818387313875,3,0,1,2,0.3978362051613031
NK_RW06||Growth,NK_RW06,Growth,0.9465560061885299,0.4451276957988739,3.323059900139924e-06,0.10552523307695268,0,20,1.3797254755845643,0.6393677592277527,5.282369784254115e-06,0.15074031610731675,0,20,-1.9303943099362186,-5.8126202020503115e-06,-0.8844183087348938,0.21717784051316993,20,0,-2.6707549995589943,-8.771199645707384e-06,-1.2209964990615845,0.2964473969297388,20,0,1,2,0.3978362051613031
NK_RW06||Inertial_Taylor,NK_RW06,Inertial_Taylor,0.8456861156654156,0.420187383890152,2.790000053209951e-08,0.09987063945688376,0,20,1.0209875427744048,0.5455389618873596,2.9200000639661994e-08,0.12641231389944124,0,20,-2.0456755537077598,-8.309999799394063e-08,-0.896332323551178,0.22448791914576047,20,0,-2.5211241601480054,-9.560000080455211e-08,-1.160790205001831,0.28405665398536484,20,0,1,2,0.3978362051613031
NK_RW06||Taylor,NK_RW06,Taylor,0.13604249120246778,0.1456356793642044,-0.005387171171605587,0.03114533909307044,0,1,0.033903210357409064,0.04121309518814087,-0.0055901710875332355,0.008940789729758649,0,1,-0.8811239394386725,0.011910643428564072,-0.911727249622345,0.1945274240146016,3,0,-0.8738140247396199,0.01256561279296875,-0.9061370491981506,0.19335970721613613,1,0,1,2,0.3978362051613031
NK_RW97||Growth,NK_RW97,Growth,7.777229722589254,2.972285032272339,0.007523262873291969,0.6650885000551569,0,20,2.69688744074665,0.74418705701828,0.003081517992541194,0.1832657336567016,0,20,0.05651173845399171,0.3192809522151947,-0.5586968064308167,0.14785058729217845,3,0,-1.898556699627079,0.09805569052696228,-1.016870141029358,0.23164690161698126,3,0,0,2,0.3978362051613031
NK_RW97||Inertial_Taylor,NK_RW97,Inertial_Taylor,3.774686597218014,2.2753937244415283,-8.573070226702839e-05,0.5172360732861991,0,8,0.5799672251999494,0.366421103477478,-1.9989900465589017e-05,0.08228676368012201,0,7,-1.24270586526198,2.4807799491100013e-05,-0.6812238097190857,0.15930113175983301,8,0,-1.456251975386797,3.0254668672569096e-05,-0.8269121646881104,0.19107134563000444,8,0,0,2,0.3978362051613031
NK_RW97||Taylor,NK_RW97,Taylor,0.7413411391464464,0.8231093287467957,-0.041487615555524826,0.17650715470650463,0,1,0.06021052503077701,0.07243421673774719,-0.007940475828945637,0.015666057888648374,0,1,-0.5390136564863977,0.014171243645250797,-0.5612825155258179,0.11981750066852116,3,0,-0.5267899696435785,0.013584638945758343,-0.5533420443534851,0.11817942143608749,3,0,0,2,0.3978362051613031
NK_ST13||Growth,NK_ST13,Growth,1.5453059487044811,0.38287031650543213,0.0169606264680624,0.10516212924926717,0,20,1.4278945148544153,0.6597792506217957,-0.0009743929840624332,0.15712048883790666,0,18,-1.8141501685604453,-0.0022986899130046368,-0.890286922454834,0.21654157822596878,20,0,-2.5813134041382,-0.001346711884252727,-1.2534279823303223,0.3011004166362818,20,0,1,2,0.3978362051613031
NK_ST13||Inertial_Taylor,NK_ST13,Inertial_Taylor,1.2857180433347821,0.3424281179904938,0.013689686544239521,0.0955471310041976,0,20,0.7017477492336184,0.5392575263977051,-0.01716676354408264,0.12994033957577428,0,7,-2.234648977406323,-0.01361679844558239,-0.9066410660743713,0.22129099240717637,20,0,-2.3846518946811557,0.0007612630724906921,-1.1742743253707886,0.2841606550646349,7,0,1,2,0.3978362051613031
NK_ST13||Taylor,NK_ST13,Taylor,0.20141603401862085,0.0821971744298935,-0.001980135915800929,0.020938761536710773,1,2,-0.0009195224847644567,0.07679898291826248,-0.010728948749601841,0.017267381917446877,0,2,-0.8942209442611784,0.06762953102588654,-0.9388083219528198,0.2010763311557362,1,0,-0.813727263128385,0.0783584788441658,-0.9327585101127625,0.20071417325736932,1,0,1,2,0.3978362051613031
US_ACELm||Growth,US_ACELm,Growth,1.7483045251574367,0.2946317493915558,-0.03077438287436962,0.11727544959647576,3,0,0.7861072669038548,0.10592681169509888,-0.01855487748980522,0.04428543040731028,6,19,-2.789584122103406,0.02798507921397686,-1.0038467645645142,0.27608822809124794,11,0,-3.558375485241413,0.024232055991888046,-1.014662504196167,0.28495104291716944,15,0,1,2,0.3978362051613031
US_ACELm||Inertial_Taylor,US_ACELm,Inertial_Taylor,1.2054665395990014,0.2226201295852661,-0.03077438287436962,0.08455888693003243,3,0,0.15217890450730925,0.033876873552799225,-0.012245941907167435,0.016469660168308087,7,19,-3.111865488870535,0.021578671410679817,-1.0038467645645142,0.27641031390695264,12,0,-3.2524436987005174,0.021436434239149094,-0.9943955540657043,0.27657697866156455,13,0,1,2,0.3978362051613031
US_AJ16||Growth,US_AJ16,Growth,2.9455231884494424,0.4780251979827881,-0.026044733822345734,0.17719151587577894,2,19,1.130249067908153,0.23295746743679047,-0.017160942777991295,0.08414825051031563,1,19,-2.221653117449023,0.02974594198167324,-0.9377885460853577,0.23335269156016133,6,0,-3.123713869601488,-0.008766445331275463,-1.1707459688186646,0.3003520274525094,8,0,1,2,0.3978362051613031
US_AJ16||Inertial_Taylor,US_AJ16,Inertial_Taylor,1.8551805841270834,0.38117533922195435,-0.013292067684233189,0.13817941592807523,1,13,0.3458756674081087,0.11644555628299713,-0.010798758827149868,0.04109473346534754,1,10,-2.5062066601822153,0.009198533371090889,-0.9539898037910461,0.24550229003363014,8,0,-2.7358317864127457,0.01980171725153923,-1.0704354047775269,0.2803803165827229,8,0,1,2,0.3978362051613031
US_AJ16||Taylor,US_AJ16,Taylor,0.13907619037490804,0.05095122009515762,-0.00041840600897558033,0.013050795061045098,0,18,0.001487750734668225,0.006734209135174751,-0.0011167450575158,0.0020179574865814482,0,7,-0.9270674517320003,0.021068772301077843,-0.9719990491867065,0.20757040738003504,1,0,-0.9213449931121431,0.018687546253204346,-0.9767893552780151,0.20868432439758794,1,0,1,2,0.3978362051613031
US_BKM12||Growth,US_BKM12,Growth,6.143569886684418,0.5199537873268127,0.10910230875015259,0.1318009556967465,1,20,0.6408558245748281,0.048865146934986115,0.007381919771432877,0.013636571866775048,4,20,-2.7836217514704913,-0.003327591111883521,-0.9469210505485535,0.239440647787106,16,0,-3.4086493849754333,-0.012034110724925995,-0.9818130135536194,0.2460593258816177,20,0,1,2,0.3978362051613031
US_BKM12||Inertial_Taylor,US_BKM12,Inertial_Taylor,2.0571751557290554,0.3642430305480957,-0.0010544840479269624,0.12016290888870225,1,20,0.07443186521413736,0.008806921541690826,-0.0005915189976803958,0.003294668370682749,3,20,-2.863022379227914,0.0064970930106937885,-0.9610055685043335,0.25507498055823363,14,0,-2.932126991217956,0.006111687049269676,-0.9683539867401123,0.25757639273776306,14,0,1,2,0.3978362051613031
US_BKM12||Taylor,US_BKM12,Taylor,0.16285191244605812,0.08728842437267303,-1.1699999959091656e-05,0.01968669653853151,0,20,0.0025982669985751272,0.00035096699139103293,-2.429999949526973e-05,0.00012972054643510956,2,20,-0.9146279137294187,0.019009625539183617,-0.9562563300132751,0.2041312618958089,1,0,-0.9169339241843772,0.018658658489584923,-0.9566032290458679,0.20418239635110477,1,0,1,2,0.3978362051613031
US_CCF12||Growth,US_CCF12,Growth,12.374739274382591,0.7046623229980469,0.16298483312129974,0.14791792286051622,20,0,6.00709430873394,0.3718971014022827,0.19192838668823242,0.057750620502605134,0,20,4.902811232954264,0.4713920056819916,-0.9447615146636963,0.3791575431307945,10,0,-0.9160303473472595,0.20836789906024933,-1.3134651184082031,0.4209379824385265,13,0,1,2,0.3978362051613031
US_CCF12||Inertial_Taylor,US_CCF12,Inertial_Taylor,2.90773918479681,0.16193056106567383,0.059275418519973755,0.023061652543840083,6,0,-1.7143765054643154,-0.039677321910858154,-0.11136217415332794,0.023670005664126335,0,20,-4.600305877625942,-0.06869976967573166,-0.996310293674469,0.2484556112042091,13,0,-2.8131219297647476,0.03283270448446274,-0.9542009234428406,0.2680195566530093,14,0,1,2,0.3978362051613031
US_CCTW10||Growth,US_CCTW10,Growth,2.5487023452296853,0.29990699887275696,-0.0013150109443813562,0.105243123301439,2,20,1.2165274584840517,0.14573164284229279,-0.0035061570815742016,0.051787952225078364,1,20,-2.157950669003185,0.03701116889715195,-0.9658219218254089,0.25881820743048606,9,0,-3.247137218946591,0.01001807115972042,-1.1115535497665405,0.30011569709227504,13,0,1,2,0.3978362051613031
US_CCTW10||Inertial_Taylor,US_CCTW10,Inertial_Taylor,1.4953533767256886,0.2407764494419098,-0.008186670020222664,0.08954224347978136,2,16,0.4699044806766324,0.07475470751523972,-0.003148020012304187,0.027272164895750673,1,20,-2.532416317379102,0.031341634690761566,-0.9744575023651123,0.26461218865738473,10,0,-2.9350417780224234,0.026338981464505196,-1.0492122173309326,0.28809990189501905,11,0,1,2,0.3978362051613031
US_CCTW10||Taylor,US_CCTW10,Taylor,0.10965574519286747,0.03614968806505203,-0.00017663699691183865,0.009482655640940002,0,16,0.022994191056568525,0.00380956893786788,-8.070000330917537e-05,0.0012859917424984059,1,20,-0.9105208829641924,0.015255614183843136,-0.9805752635002136,0.2096165288685484,1,0,-0.9298254156565235,0.011919635348021984,-0.9843848347663879,0.2102438838190384,1,0,1,2,0.3978362051613031
US_CD08||Growth,US_CD08,Growth,3.6424951031804085,0.7741189002990723,0.11810217052698135,0.14781180975787223,0,7,2.101524536497891,0.9893465042114258,0.009340745396912098,0.22077038471991098,0,20,-0.6791596412658691,0.07552643120288849,-0.8104838728904724,0.202671899055661,3,0,-1.8000017311424017,0.025637997314333916,-1.2519210577011108,0.29734566173857213,8,0,1,2,0.3978362051613031
US_CD08||Inertial_Taylor,US_CD08,Inertial_Taylor,2.930881403386593,0.6566365957260132,0.08834052830934525,0.1271171720646827,0,5,-0.5185520797967911,0.6984416246414185,-0.08958528935909271,0.1759836578981318,0,20,-2.871837295591831,-0.04798408970236778,-0.8524415493011475,0.18973796195816403,5,0,-1.5650870725512505,0.02861374244093895,-1.0833885669708252,0.25779353878309047,5,0,1,2,0.3978362051613031
US_CD08||Taylor,US_CD08,Taylor,0.7372230023611337,0.23311185836791992,-0.003053976921364665,0.04492965194698318,0,1,-0.3160063251852989,0.12463119626045227,-0.04348888248205185,0.03178054563465063,0,1,-1.0496334005147219,0.02890137955546379,-0.836707353591919,0.1766258314616981,1,0,-0.5838323514908552,0.05304345116019249,-0.7932184934616089,0.17173806386915266,1,0,1,2,0.3978362051613031
US_CET15||Growth,US_CET15,Growth,0.029643020301555904,0.00269496301189065,-3.569999927188067e-14,0.0008106482127912038,4,0,0.579308504351716,0.07256880402565002,-0.0010893689468502998,0.027029607171888986,2,20,-3.1502665379084647,0.021188920363783836,-1.0,0.28007597339808027,13,0,-3.728157287463546,0.015980079770088196,-1.0659019947052002,0.30277058960884445,14,0,1,2,0.3978362051613031
US_CET15||Inertial_Taylor,US_CET15,Inertial_Taylor,0.02952349913540935,0.002688694978132844,1.5699999622847266e-14,0.0008094959782348701,4,0,0.559438630240442,0.07091152667999268,-0.0015678199706599116,0.026599195079714543,2,20,-3.164005187805742,0.02067241631448269,-1.0,0.27995671790613524,13,0,-3.7215681932866573,0.01613568887114525,-1.064185380935669,0.30230457306942704,14,0,1,2,0.3978362051613031
US_CET15||Taylor,US_CET15,Taylor,0.016345602009114283,0.0019178909715265036,1.8099999716256546e-14,0.0006595682498707952,4,0,0.13924361468463303,0.020354285836219788,-0.0006882969755679369,0.007580850801251673,4,19,-3.138447325443849,0.02890724129974842,-1.0,0.2835135488090289,12,0,-3.2771144108846784,0.02753298543393612,-1.0033270120620728,0.28737478650756637,12,0,1,2,0.3978362051613031
US_CFOP14||Growth,US_CFOP14,Growth,1.2421040865592659,0.13817623257637024,0.006721540819853544,0.04533212742233301,2,20,0.5049488997319713,0.07872210443019867,0.0004237529938109219,0.026224091631432227,1,20,-3.213844256941229,-0.003952058032155037,-0.9823963046073914,0.25872126666689726,20,0,-3.645069277845323,-0.004175391048192978,-1.0611183643341064,0.2817244149772626,20,0,1,2,0.3978362051613031
US_CFOP14||Inertial_Taylor,US_CFOP14,Inertial_Taylor,0.7950399688834295,0.11755236238241196,-0.00012428799527697265,0.041911442457924046,2,20,0.2373144721164664,0.05004514008760452,-0.0005877609946765006,0.017104197294888154,1,14,-3.2434173988876864,-0.0009178320178762078,-0.9858381152153015,0.2642805473512344,20,0,-3.4321909596328624,-0.0008625320042483509,-1.0358833074569702,0.2792167649987783,20,0,1,2,0.3978362051613031
US_CFOP14||Taylor,US_CFOP14,Taylor,-0.11297392392589245,0.0047136470675468445,-0.014441096223890781,0.005510471987777557,0,4,0.0266028888290748,0.0024026199243962765,-0.0012010029749944806,0.0011790419929283294,11,1,-1.0198261805635411,0.0028247430454939604,-0.9978865385055542,0.2123130755120329,16,0,-1.0483015613863245,0.0012540139723569155,-0.9966855645179749,0.21173350735604687,19,0,1,2,0.3978362051613031
US_CFP17exo||Growth,US_CFP17exo,Growth,5.68732576072216,0.39248254895210266,0.18961593508720398,0.05863695703085936,2,20,0.5820921012200415,0.2062987983226776,-0.025016294792294502,0.0771380772076057,1,16,-2.5230206856431323,0.013561053201556206,-0.9501672983169556,0.23719467209947503,7,0,-2.9129254897125065,0.023116853088140488,-1.1564661264419556,0.3036684447680768,8,0,1,2,0.3978362051613031
US_CFP17exo||Inertial_Taylor,US_CFP17exo,Inertial_Taylor,1.9379374869167805,0.26616761088371277,0.009458874352276325,0.08273301145329208,1,20,-0.08364953100681305,0.10618431866168976,-0.04447552189230919,0.04421524247747477,1,8,-3.0874314587563276,-0.017119038850069046,-0.9656940698623657,0.24467173137368772,20,0,-2.9053625660017133,0.009640350937843323,-1.071878433227539,0.2808957137803244,8,0,1,2,0.3978362051613031
US_CFP17exo||Taylor,US_CFP17exo,Taylor,0.11059734384616604,0.036468178033828735,-0.00034688200685195625,0.008703549454329544,0,20,-0.008434230112470686,0.008105604909360409,-0.002779698930680752,0.0026876660895110353,0,6,-0.9570251043187454,0.016217242926359177,-0.978726327419281,0.20872613242169313,1,0,-0.9405121609452181,0.013932712376117706,-0.9846537113189697,0.21021846009729855,1,0,1,2,0.3978362051613031
US_CMR10||Growth,US_CMR10,Growth,2.0855340138077736,0.1991465836763382,0.05364055931568146,0.04623160325534793,2,20,0.9773221729192301,0.19596198201179504,-0.002583456924185157,0.06900149889836632,1,20,-2.3999634521314874,0.01671687513589859,-0.9690281748771667,0.2551478382734407,8,0,-3.232435962825548,0.01336110383272171,-1.1649901866912842,0.317977998176906,9,0,1,2,0.3978362051613031
US_CMR10||Inertial_Taylor,US_CMR10,Inertial_Taylor,1.5712616294622421,0.1713564395904541,0.03499837964773178,0.04368175129187545,1,20,-0.005195369012653828,0.12434808909893036,-0.039609555155038834,0.05389218343123457,1,9,-3.0846084598451853,-0.018856188282370567,-0.9755805730819702,0.25112083608247393,9,0,-2.95859114266932,0.020483406260609627,-1.099928617477417,0.2997435966027971,9,0,1,2,0.3978362051613031
US_CMR10||Taylor,US_CMR10,Taylor,0.2609221749007702,0.024906795471906662,0.00978099089115858,0.0035955926577948207,0,5,-0.10886927414685488,0.005595490802079439,-0.00860869325697422,0.004513535692294218,0,16,-1.0139005239470862,0.013374573551118374,-0.9854483008384705,0.20966571798563538,1,0,-0.8912347313016653,0.011697511188685894,-0.9877622127532959,0.2114119374691443,3,0,1,2,0.3978362051613031
US_CMR14||Growth,US_CMR14,Growth,6.067374154925346,0.3254418671131134,0.15915164351463318,0.03612082508308526,5,0,1.285022554686293,0.18750576674938202,-0.005692499224096537,0.06448978062844064,1,20,-1.5349762747064233,0.08693348616361618,-0.9636099338531494,0.267982042819726,9,0,-2.636778039857745,0.055050887167453766,-1.1511156558990479,0.32042873698606517,10,0,1,2,0.3978362051613031
US_CMR14||Inertial_Taylor,US_CMR14,Inertial_Taylor,3.6070367842912674,0.22589705884456635,0.12128151208162308,0.03351291761204294,3,0,-1.5132798936683685,0.01989334635436535,-0.10280878096818924,0.03977714842974857,0,13,-4.027527846395969,-0.05741947889328003,-0.9829748272895813,0.2427514038974722,10,0,-2.4067860320210457,0.044526293873786926,-0.9966458082199097,0.2760370857547079,11,0,1,2,0.3978362051613031
US_CPS10||Growth,US_CPS10,Growth,3.2270335648208857,0.41456180810928345,0.017694683745503426,0.13020162576240676,1,20,0.5680240092333406,0.09289857745170593,0.002783985109999776,0.026137673209794578,0,20,-3.083322424441576,-0.008258214220404625,-0.9498330354690552,0.2352647989405736,20,0,-3.5607827799394727,-0.01059307437390089,-1.0291662216186523,0.2558780310570473,20,0,1,2,0.3978362051613031
US_CPS10||Inertial_Taylor,US_CPS10,Inertial_Taylor,1.6144121969264233,0.31890058517456055,0.00012362799316179007,0.10546683506642399,1,20,0.16421203124309613,0.04764373227953911,6.4000000747910235e-06,0.013094446624472835,0,20,-2.94625967086904,-7.94000006862916e-05,-0.9620690941810608,0.2523517751665343,20,0,-3.0628318082526675,-8.320000051753595e-05,-0.9983755946159363,0.2620274489700823,20,0,1,2,0.3978362051613031
US_CPS10||Taylor,US_CPS10,Taylor,0.10052636765071732,0.05250880867242813,1.9799999861902506e-08,0.012140054140322314,0,20,0.005052551532490124,0.0037032219115644693,5.590000129451766e-10,0.00079124287029308,0,20,-0.9421578876005414,0.014243296347558498,-0.972356915473938,0.207421568514089,1,0,-0.943507192899089,0.013909263536334038,-0.9730674624443054,0.2075648245193153,1,0,1,2,0.3978362051613031
US_DG08||Growth,US_DG08,Growth,6.563072465360165,0.5114480257034302,0.09056633710861206,0.13731286188710187,3,20,1.1838671900331974,0.09366518259048462,0.013566035777330399,0.02644457910476774,2,20,-2.0190528036036994,0.03709876537322998,-0.9571607708930969,0.2539287674957182,10,0,-3.1403357880190015,-0.007583094760775566,-1.0480329990386963,0.2717596069004099,14,0,1,2,0.3978362051613031
US_DG08||Inertial_Taylor,US_DG08,Inertial_Taylor,2.9664129354059696,0.33280837535858154,0.0303664393723011,0.10089513516441762,2,20,0.10834182785765734,0.018116842955350876,-0.005348333157598972,0.00795219274993435,1,20,-2.3962264582514763,0.04169167950749397,-0.9736786484718323,0.2695318585495476,12,0,-2.483835969120264,0.041831400245428085,-0.9917954802513123,0.2760328763789746,12,0,1,2,0.3978362051613031
US_DG08||Taylor,US_DG08,Taylor,0.5518440390005708,0.033888742327690125,0.009223115630447865,0.007041741774865836,9,0,0.008506761041644495,0.001384753966704011,-0.001151561038568616,0.0008341355405653211,2,20,-0.708977653644979,0.018461549654603004,-0.9949873685836792,0.21496380595018633,8,0,-0.7151032499969006,0.017784494906663895,-0.9963207840919495,0.21519481850578223,9,0,1,2,0.3978362051613031
US_DNGS15||Growth,US_DNGS15,Growth,8.758594065904617,0.6963752508163452,0.1299930214881897,0.17834235539119928,1,20,0.5122040654532611,0.03926079720258713,0.006392850074917078,0.01075185445912297,2,20,-2.8045389354228973,-0.03031294047832489,-0.9220849871635437,0.22147802992162197,12,0,-3.2899540811777115,-0.041944608092308044,-0.9605733752250671,0.22842010378914393,20,0,1,2,0.3978362051613031
US_DNGS15||Inertial_Taylor,US_DNGS15,Inertial_Taylor,2.8368929140269756,0.4508586823940277,0.007849575951695442,0.14414596189785953,1,20,-0.01944477399229072,0.0025761909782886505,-0.0036065869498997927,0.002065763307985012,1,20,-2.613027685554698,0.01517954096198082,-0.9471256136894226,0.2516398860113596,12,0,-2.5875541362911463,0.017475467175245285,-0.9497017860412598,0.2532997092810809,13,0,1,2,0.3978362051613031
US_DNGS15||Taylor,US_DNGS15,Taylor,0.42954645678400993,0.1171785369515419,0.008354977704584599,0.022293926470423813,0,20,-0.020004733960377052,-0.0004532650054898113,-0.0012838710099458694,0.00022849521966378675,0,20,-0.8123818680178374,0.017453152686357498,-0.9415807127952576,0.20191643788440988,1,0,-0.7915243390016258,0.01812444068491459,-0.9409739971160889,0.2020005975306302,1,0,1,2,0.3978362051613031
US_FGKR15||Growth,US_FGKR15,Growth,3.172317915596068,0.6852604150772095,-0.05251629650592804,0.25060839061138523,1,16,2.221442764159292,0.4750966727733612,0.002964409999549389,0.13389720771255884,0,18,-0.7929960298351943,0.13156479597091675,-0.8882219195365906,0.2301418712061179,5,0,-2.5437485352158546,0.016052283346652985,-1.2673686742782593,0.31912841625384003,6,0,1,2,0.3978362051613031
US_FGKR15||Inertial_Taylor,US_FGKR15,Inertial_Taylor,1.9614167227991857,0.5641794800758362,-0.04420875385403633,0.19696943909000764,1,10,1.3136457744985819,0.29925400018692017,0.02426234632730484,0.07097224907037966,0,10,-1.236452990444377,0.06727134436368942,-0.9148051738739014,0.24081719423405046,7,0,-2.287991752848029,0.04109882563352585,-1.1302745342254639,0.2879684418958584,7,0,1,2,0.3978362051613031
US_FGKR15||Taylor,US_FGKR15,Taylor,0.26491404553235043,0.09008272737264633,-0.00022129299759399146,0.02060758772946822,0,20,0.03046392073156312,0.025860099121928215,-0.00283872801810503,0.006147794535346636,0,6,-0.834992896503536,0.0348237045109272,-0.9452611207962036,0.20267428736868986,1,0,-0.8469189859461039,0.03585993871092796,-0.9455034136772156,0.202629169007796,1,0,1,2,0.3978362051613031
US_FM95||Growth,US_FM95,Growth,1.607873709872365,0.1255902647972107,8.900000169927548e-18,0.03809050673102598,7,0,1.2223100243136287,0.07585611194372177,0.010079228319227695,0.018780793339487508,11,0,-2.464048597961664,0.08367793262004852,-0.9990550875663757,0.29936689584771403,17,0,-3.7255242839455605,0.029981616884469986,-1.0181101560592651,0.2860147872685845,20,0,1,2,0.3978362051613031
US_FM95||Inertial_Taylor,US_FM95,Inertial_Taylor,1.1791177150444128,0.10743660479784012,-0.00043239298975095153,0.03709845068697473,6,20,0.8146367291919887,0.051261596381664276,0.007564723026007414,0.012101556658684676,10,0,-2.467323894612491,0.08580802381038666,-0.9992908239364624,0.3010369088013011,15,0,-3.3023198563605547,0.04537461698055267,-1.0135661363601685,0.2939058266577914,17,0,1,2,0.3978362051613031
US_FM95||Taylor,US_FM95,Taylor,0.09774355179979466,0.011130844242870808,-0.000112674999400042,0.0038638611544775355,3,20,0.06135122722480446,0.00371375004760921,0.0006903749890625477,0.0008014380807297942,9,0,-0.8647269990760833,0.008794820867478848,-0.9997411370277405,0.21434716584565802,6,0,-0.9276069162879139,0.005356736481189728,-1.001024603843689,0.21396206421936634,5,0,1,2,0.3978362051613031
US_FMS134||Growth,US_FMS134,Growth,4.712576694786549,0.34589672088623047,0.10541822016239166,0.0778753936686977,3,20,0.26457959366962314,0.046201836317777634,-0.011254235170781612,0.019311015914685866,1,20,-3.2373205944895744,-0.026563577353954315,-0.9751517176628113,0.24764533309949438,13,0,-3.4460081458091736,-0.020879967138171196,-1.0213536024093628,0.2630620421456051,17,0,1,2,0.3978362051613031
US_FMS134||Inertial_Taylor,US_FMS134,Inertial_Taylor,1.6862734961905517,0.2210117131471634,0.0009061180171556771,0.07560702069571079,2,20,-0.06438472610898316,0.01079472154378891,-0.007953573949635029,0.005963145369010918,0,11,-3.2229972414206713,-0.0035558189265429974,-0.9835017323493958,0.2625200684753828,14,0,-3.1437319454271346,0.003659903071820736,-0.9936649799346924,0.26746026882024315,13,0,1,2,0.3978362051613031
US_FMS134||Taylor,US_FMS134,Taylor,0.07722554628026046,0.019150594249367714,-5.18000015290454e-05,0.005449902416862536,0,20,-0.004813055926206289,0.0004574730119202286,-0.00039958598790690303,0.00021377962681242273,0,8,-0.9681611506966874,0.008504836820065975,-0.9902531504631042,0.21113148390207243,1,0,-0.962726138313883,0.008497687056660652,-0.9904941916465759,0.2112426689078869,1,0,1,2,0.3978362051613031
US_FRB03||Growth,US_FRB03,Growth,11.085137681104243,1.2718861103057861,-0.12574699521064758,0.4681866792035039,4,20,3.3808471310767345,0.325330913066864,0.00039173400728031993,0.10943142980982956,5,0,-0.9321400197222829,0.3088839054107666,-1.009499430656433,0.3187446176052322,7,0,-4.338175177574158,0.045765817165374756,-1.1670989990234375,0.3214525528472129,7,0,0,2,0.3978362051613031
US_FRB03||Inertial_Taylor,US_FRB03,Inertial_Taylor,4.342894427711144,0.5227521657943726,-0.039764925837516785,0.18963726705666512,4,20,1.7615283006889513,0.13691124320030212,0.0002039359969785437,0.03552244587346501,5,0,-1.4419197775423527,0.15084193646907806,-1.0108853578567505,0.31383983760015366,10,0,-3.252095352858305,0.07025305181741714,-1.07621431350708,0.32243937260521227,11,0,1,2,0.3978362051613031
US_FRB03||Taylor,US_FRB03,Taylor,0.4233923974679783,0.04976615682244301,-0.0036077070981264114,0.01759981838950025,4,20,0.13204918012343114,0.01193788181990385,3.5434401070233434e-05,0.003873235867713822,5,0,-0.7381437685107812,0.030356135219335556,-1.011343002319336,0.21856270219040203,6,0,-0.8709010101156309,0.01941104605793953,-1.017115831375122,0.2183053955737737,6,0,1,2,0.3978362051613031
US_FU19||Growth,US_FU19,Growth,7.0534394681453705,0.5289368629455566,0.14890098571777344,0.12078001645035719,2,20,0.8124849402229302,0.07585417479276657,0.00038416701136156917,0.02503729413509303,2,20,-2.3954489775933325,0.00871591828763485,-0.9500736594200134,0.2438163483054744,11,0,-3.144622185267508,-0.011165288276970387,-1.025099754333496,0.26174722149418184,16,0,1,2,0.3978362051613031
US_FU19||Inertial_Taylor,US_FU19,Inertial_Taylor,2.1464500937145203,0.34077322483062744,-0.003384128911420703,0.11903313569126842,1,20,0.032098069656058215,0.012518697418272495,-0.0034913390409201384,0.005530247277264005,1,18,-2.858431812375784,0.005219780839979649,-0.9662841558456421,0.256249101214502,12,0,-2.8762714094482362,0.007918430492281914,-0.9788028597831726,0.2610485270701147,12,0,1,2,0.3978362051613031
US_FU19||Taylor,US_FU19,Taylor,0.1632467319971056,0.07059920579195023,-0.00010366900096414611,0.01670958237075821,0,20,0.0012819110390864807,0.0006933070253580809,-0.00014078100502956659,0.0002565139241238565,0,19,-0.9161381727280968,0.019646843895316124,-0.9644404053688049,0.20595517656175247,1,0,-0.9165887622730224,0.019174911081790924,-0.9650744795799255,0.20608850943952126,1,0,1,2,0.3978362051613031
US_FV15||Growth,US_FV15,Growth,1.2449140672106296,0.12874194979667664,0.002786915982142091,0.043735386702322715,3,20,0.87160579347983,0.08871472626924515,0.0039689671248197556,0.029497294076568537,3,20,-2.7217793026939034,0.028751222416758537,-0.9870613217353821,0.27319663651044584,12,0,-3.5495728934183717,0.012491217814385891,-1.0604019165039062,0.29603545506201295,15,0,1,2,0.3978362051613031
US_FV15||Inertial_Taylor,US_FV15,Inertial_Taylor,0.8241186162922531,0.10505051910877228,-0.005286530125886202,0.03971583152475919,3,20,0.5365815344266593,0.0572957806289196,0.00532991299405694,0.018637149375118997,3,20,-2.830536877270788,0.029880303889513016,-0.9895150661468506,0.2763102634883829,12,0,-3.3407196826301515,0.019974689930677414,-1.0385409593582153,0.29180086359380675,13,0,1,2,0.3978362051613031
US_FV15||Taylor,US_FV15,Taylor,0.03112732550016517,0.007047581020742655,-0.0001705089962342754,0.002047802364060256,0,20,0.017946601990843192,0.001854583970271051,0.00027449699700810015,0.0005427582897127135,2,20,-0.9581528332200833,0.00427086278796196,-0.9960070252418518,0.21251604278198766,3,0,-0.9751128209754825,0.002671410795301199,-0.9977511167526245,0.212722851103944,3,0,1,2,0.3978362051613031
US_HL16||Growth,US_HL16,Growth,0.384937506634742,0.06976928561925888,0.0018372529884800315,0.02181303642719663,1,20,0.8502172269945731,0.17796564102172852,0.0001697410043561831,0.05823252364143369,1,20,-2.7239086408517323,0.005808814894407988,-0.9785974025726318,0.2606682711430848,11,0,-3.4193187679629773,0.004168930929154158,-1.1565630435943604,0.31266360675241506,12,0,1,2,0.3978362051613031
US_HL16||Inertial_Taylor,US_HL16,Inertial_Taylor,0.3576296642422676,0.06700573861598969,0.0016661989502608776,0.02097823239499844,1,20,0.7029997042409377,0.16159218549728394,-0.0012165539665147662,0.053230330776398764,1,15,-2.764124538287433,0.0060011171735823154,-0.9799851179122925,0.2620851377204872,11,0,-3.3231157630798407,0.006639378145337105,-1.1415772438049316,0.3093359367565782,11,0,1,2,0.3978362051613031
US_HL16||Taylor,US_HL16,Taylor,0.03665424834616715,0.012750118039548397,0.00010847100202227011,0.0033424211291224575,0,20,0.03286614811486288,0.016684452071785927,-5.4799998906673864e-05,0.0038759222639135633,0,20,-0.9322533675106115,0.014607462100684643,-0.9873682856559753,0.21090551680846498,1,0,-0.948379187793762,0.011743507348001003,-0.9956969618797302,0.21258093969867087,3,0,1,2,0.3978362051613031
US_IAC05||Growth,US_IAC05,Growth,5.370681449770927,1.3325769901275635,0.05615631863474846,0.31491980018795485,0,20,2.9553553108125925,1.0368183851242065,0.0045981938019394875,0.23738657067829472,0,20,0.4982236148789525,0.273460328578949,-0.7362261414527893,0.19880971689479546,3,0,-1.4238818874582648,0.09116281569004059,-1.2658576965332031,0.305871276003346,3,0,0,2,0.3978362051613031
US_IAC05||Inertial_Taylor,US_IAC05,Inertial_Taylor,3.557884342968464,1.0145151615142822,0.03397717326879501,0.24139468686966747,0,20,0.4374236853327602,0.6143418550491333,-0.028253277763724327,0.14377620939621624,0,6,-1.4380225341301411,0.03992931544780731,-0.815591037273407,0.19763729654806067,5,0,-1.2333279345184565,0.06818259507417679,-1.0361634492874146,0.25214195505830805,5,0,1,2,0.3978362051613031
US_IAC05||Taylor,US_IAC05,Taylor,0.7991856625303626,0.30179062485694885,0.008590794168412685,0.062147812451439785,0,20,-0.003740049942280166,0.09995865821838379,-0.021805694326758385,0.02279471023835629,0,1,-0.5915447365841828,0.06835741549730301,-0.8116201758384705,0.1764225219629509,1,0,-0.4812585574109107,0.07723325490951538,-0.7898144721984863,0.17269102394157382,1,0,1,2,0.3978362051613031
US_IN10||Growth,US_IN10,Growth,3.107013080501929,1.026381254196167,-0.010898318141698837,0.27994355342837757,0,10,1.5658769651781768,0.3001503348350525,-0.011543124914169312,0.1104930277431341,2,13,-1.6073794932453893,0.014559066854417324,-0.8524844646453857,0.20766899403193376,8,0,-2.966618366073817,0.020670365542173386,-1.1441740989685059,0.2994483119378919,10,0,1,2,0.3978362051613031
US_IN10||Inertial_Taylor,US_IN10,Inertial_Taylor,2.0156366584124044,0.8422266244888306,-0.03135237842798233,0.22416941755680478,0,7,0.6793536473996937,0.17253774404525757,-0.01319823320955038,0.06311769840929385,1,11,-1.939700777068083,0.03135962039232254,-0.8827571868896484,0.22429864961637855,7,0,-2.486338632181287,0.0388045608997345,-1.0552949905395508,0.28017461142839883,8,0,1,2,0.3978362051613031
US_IN10||Taylor,US_IN10,Taylor,0.2580257408480975,0.24991141259670258,-0.004041352774947882,0.05329341618251739,0,4,0.08998768453602679,0.018681539222598076,-0.0006775580113753676,0.006713295156538665,1,15,-0.7346858312885161,0.02356026880443096,-0.8684252500534058,0.18656279341330073,3,0,-0.8064831472293008,0.013179544359445572,-0.8871067762374878,0.1898263822889494,3,0,1,2,0.3978362051613031
US_IR11||Growth,US_IR11,Growth,1.1581404220814875,0.32146599888801575,5.880000026081689e-05,0.09652281514132156,0,20,1.3747428816132015,0.5956847071647644,5.1399998483248055e-05,0.14106932335461664,0,20,-1.9376887156067824,-3.4100001357728615e-05,-0.9039713144302368,0.22235210493843807,20,0,-2.7167796970461495,-6.690000009257346e-05,-1.2283879518508911,0.29870403354552166,20,0,1,2,0.3978362051613031
US_IR11||Inertial_Taylor,US_IR11,Inertial_Taylor,0.9574915195755551,0.29819023609161377,3.6700001260214776e-08,0.08918287312276979,0,20,0.9579251742466002,0.5061501860618591,-3.7100001293310925e-08,0.11808942576625671,0,17,-2.0843664671606112,2.76000005072774e-08,-0.9152746200561523,0.2294219533607735,18,0,-2.5361414133237066,4.130000164082048e-08,-1.1681393384933472,0.2865302334894911,18,0,1,2,0.3978362051613031
US_IR11||Taylor,US_IR11,Taylor,0.10317008086683276,0.07592564821243286,1.3999999770586413e-10,0.01649686078365817,0,20,0.05645160809682091,0.07279636710882187,-0.011958461254835129,0.015903136938575927,0,1,-0.8637375648026517,0.033280149102211,-0.9347385168075562,0.20004082445475244,1,0,-0.8473927878697046,0.03770563378930092,-0.9227800369262695,0.19757786451236273,1,0,1,2,0.3978362051613031
US_JPT11||Growth,US_JPT11,Growth,3.8304854035377502,0.2975335717201233,0.06722657382488251,0.07654161548061647,3,20,0.6826227731071413,0.10038669407367706,-0.004620247986167669,0.03517280072132547,1,20,-2.7479224236449227,0.0028013940900564194,-0.9719469547271729,0.25361321010951593,10,0,-3.330930029042065,-0.008814782835543156,-1.0723336935043335,0.28265466225900454,12,0,1,2,0.3978362051613031
US_JPT11||Inertial_Taylor,US_JPT11,Inertial_Taylor,1.6987140756100416,0.20838521420955658,-0.0006586579838767648,0.07438846187098333,2,20,-0.002175982343032956,0.033813752233982086,-0.011535421013832092,0.01470248088179566,0,11,-3.111659600166604,-0.0022379551082849503,-0.9813907742500305,0.26154388591965033,12,0,-3.070809120312333,0.008642775006592274,-1.0146710872650146,0.2739424725803417,12,0,1,2,0.3978362051613031
US_JPT11||Taylor,US_JPT11,Taylor,0.07525037657433131,0.016631707549095154,-0.00012421900464687496,0.00465014949441585,0,20,-0.004924848046357511,0.0013596270000562072,-0.0005982759757898748,0.0004984383160250384,0,8,-0.9691553029551869,0.007393036037683487,-0.9911742806434631,0.211327042696594,1,0,-0.9626470130460802,0.0070186820812523365,-0.9920641779899597,0.21159383622533684,1,0,1,2,0.3978362051613031
US_KK14||Growth,US_KK14,Growth,3.6247737696394324,0.43767115473747253,0.008971682749688625,0.14377980743911653,2,20,1.633450772613287,0.26909139752388,0.004793229978531599,0.07901372789730961,0,20,-1.5406991145573556,0.05369766429066658,-0.9355859160423279,0.24504233984114424,7,0,-2.908312190324068,0.004808230325579643,-1.1760480403900146,0.30510914861723704,11,0,1,2,0.3978362051613031
US_KK14||Inertial_Taylor,US_KK14,Inertial_Taylor,1.883127307111863,0.3397860527038574,-0.0038989319000393152,0.11919068824233689,1,19,0.585078634088859,0.149258553981781,0.0029628919437527657,0.0426104504557859,0,20,-2.2027110252529383,0.02628801017999649,-0.9537919163703918,0.25241740449990424,9,0,-2.641263043973595,0.022358765825629234,-1.0785669088363647,0.28534463130059373,9,0,1,2,0.3978362051613031
US_KK14||Taylor,US_KK14,Taylor,0.1448761464562267,0.04437987878918648,0.0015704650431871414,0.010452576145398613,0,20,0.04042987833963707,0.011258568614721298,0.000705492973793298,0.0024623922342688694,0,20,-0.8685591589892283,0.0204748697578907,-0.9735881090164185,0.20851730636119753,1,0,-0.8983984544174746,0.016741350293159485,-0.980065643787384,0.20963299952276504,1,0,1,2,0.3978362051613031
US_KS15||Growth,US_KS15,Growth,0.33709284539125195,0.2833453118801117,-0.014198610559105873,0.06161436869151796,0,3,1.8175590777711064,1.6744939088821411,-0.0709683895111084,0.36045700544028647,0,2,-1.2736613943387873,0.06543181836605072,-0.8075980544090271,0.19156629750821982,3,0,-1.4167265698502316,0.06308437883853912,-1.0760688781738281,0.23800213326135305,3,0,0,2,0.3978362051613031
US_KS15||Inertial_Taylor,US_KS15,Inertial_Taylor,0.32491148815691645,0.27708902955055237,-0.014781341888010502,0.06031571798294402,0,3,1.674672653462662,1.6147629022598267,-0.09139055758714676,0.34829824333246795,0,2,-1.3255354087748978,0.03816458582878113,-0.8139798641204834,0.19387269273626406,3,0,-1.385445164189448,0.0520627535879612,-1.0535348653793335,0.23300783656040244,3,0,0,2,0.3978362051613031
US_KS15||Taylor,US_KS15,Taylor,0.0707341610865484,0.10360520333051682,-0.026855789124965668,0.02325600263986942,0,1,0.18654090003434476,0.35333672165870667,-0.1633911430835724,0.08500729037814538,0,1,-0.684822739293395,0.06522000581026077,-0.815696120262146,0.17684263233490335,3,0,-0.5180263604847255,0.08797566592693329,-0.652305006980896,0.14237026958627247,1,0,0,2,0.3978362051613031
US_LTW17||Growth,US_LTW17,Growth,4.878682538866997,0.29092735052108765,0.118515744805336,0.047172359084508717,5,0,0.4419513000175357,0.03337663784623146,0.0067552318796515465,0.008663974557586515,1,20,-2.9919184502214193,0.005080325063318014,-0.9822105169296265,0.26294930781686665,14,0,-3.4076558565720916,-0.00643947022035718,-1.0155872106552124,0.2695099118086173,18,0,1,2,0.3978362051613031
US_LTW17||Inertial_Taylor,US_LTW17,Inertial_Taylor,1.6662081512622535,0.16987314820289612,0.006661191117018461,0.05698203109766399,3,20,-0.05816922863596119,0.0020874980837106705,-0.005472172051668167,0.0025269243658601302,0,20,-3.241237304813694,0.007695075124502182,-0.9885780811309814,0.26945925772552143,14,0,-3.1754527799785137,0.012664925307035446,-0.9904374480247498,0.2716099971653151,14,0,1,2,0.3978362051613031
US_LTW17||Taylor,US_LTW17,Taylor,0.07321212411625311,0.012166004627943039,0.0005611269734799862,0.0032896069560746834,0,20,-0.007471725941286422,-0.00015605399676132947,-0.0004132899921387434,7.309130829116783e-05,0,19,-0.9736719533757423,0.004868378862738609,-0.9939755201339722,0.21189710962736696,1,0,-0.9659437151713064,0.005116929765790701,-0.993766188621521,0.21193227430779624,1,0,1,2,0.3978362051613031
US_MI07AL||Taylor,US_MI07AL,Taylor,-0.009565143496729434,0.05018002539873123,-0.011903241276741028,0.016829306747915444,0,19,0.1780605154344812,0.010289330035448074,0.0012232329463586211,0.002565335280096501,15,0,-0.7604850213974714,0.018811220303177834,-0.9744513034820557,0.20980804876656492,1,0,-0.9473418737761676,0.014101063832640648,-0.9776028990745544,0.20854449177927112,1,0,1,2,0.3978362051613031
US_MR07||Growth,US_MR07,Growth,1.132772833108902,0.18717585504055023,0.022565176710486412,0.05014696705952281,1,20,0.9121647166539333,0.29043900966644287,-0.003558659926056862,0.08298728169348768,2,11,-2.584711346343056,2.0899999526591273e-06,-0.9723052978515625,0.2522164952089556,13,0,-3.4135678560414817,-0.0001030690036714077,-1.2435386180877686,0.3329913786264416,13,0,1,2,0.3978362051613031
US_MR07||Inertial_Taylor,US_MR07,Inertial_Taylor,0.8550269780680537,0.16788806021213531,0.010657871142029762,0.04746207410492562,1,20,0.4293502258951776,0.24090664088726044,-0.020847976207733154,0.07483907140432534,1,5,-2.869495367631316,-0.011720553040504456,-0.974366307258606,0.25051102516386414,20,0,-3.211825138889253,-0.0015538819134235382,-1.2152729034423828,0.3211963763477769,20,0,1,2,0.3978362051613031
US_MR07||Taylor,US_MR07,Taylor,0.04704765604037675,0.04381198808550835,5.030000102124177e-05,0.009297141058236879,0,20,0.0020268716780265095,0.022838829085230827,-0.022047849372029305,0.007003112618308426,0,1,-0.9733057920129795,0.0016658769454807043,-0.9695294499397278,0.20643458939621084,3,0,-0.9524388066620304,1.1000010999850929e-06,-0.9474815726280212,0.20172257145224237,10,0,1,2,0.3978362051613031
US_OR03||Growth,US_OR03,Growth,3.6762590317521244,0.45726555585861206,-0.0480736568570137,0.17306412150874975,4,20,4.261969856917858,0.25814205408096313,0.0,0.07887113193874086,13,0,0.8444447624497116,0.32056769728660583,-1.0,0.36498483996128145,20,0,-3.647116005420685,0.09097674489021301,-1.0062071084976196,0.30469285879277314,20,0,1,2,0.3978362051613031
US_OR03||Inertial_Taylor,US_OR03,Inertial_Taylor,2.4034912064671516,0.45726555585861206,-0.12829872965812683,0.21528995555587757,4,18,3.5106218084692955,0.2331821322441101,0.0,0.0654619872125817,9,0,1.5026997458189726,0.34996581077575684,-1.0,0.3802904409062606,11,0,-2.1400536745786667,0.145401269197464,-1.0062071084976196,0.34278562979585736,13,0,1,2,0.3978362051613031
US_OR03||Taylor,US_OR03,Taylor,0.46176996314898133,0.3498912751674652,-0.02599642612040043,0.0835767109086903,2,10,0.8026730939745903,0.12067172676324844,-0.026390869170427322,0.030282780876837806,5,4,0.36967366375029087,0.21545875072479248,-1.0,0.23190917138523104,2,0,-0.46096112951636314,0.15507380664348602,-1.0062071084976196,0.22583503623802442,3,0,1,2,0.3978362051613031
US_OW98||Growth,US_OW98,Growth,1.174270326970145,0.3349415063858032,-0.0506809800863266,0.12445766800685062,2,11,0.3981316752033308,0.04745342954993248,0.001016185968182981,0.016468624006842847,3,20,-3.4463247917883564,0.008539427071809769,-0.9798001646995544,0.25043679364431476,20,0,-3.8271850724704564,0.0075635481625795364,-1.0096468925476074,0.2618385828565228,20,0,1,2,0.3978362051613031
US_OW98||Inertial_Taylor,US_OW98,Inertial_Taylor,0.9139308368321508,0.2760642468929291,-0.04425676539540291,0.099794301181423,2,9,0.2876477057579905,0.034021150320768356,0.0025143129751086235,0.010739660198643131,3,20,-3.1248217078391463,0.0024100691080093384,-0.9827265739440918,0.2597985018315226,20,0,-3.40094141906593,0.0001238670665770769,-1.0049786567687988,0.2676206825433298,20,0,1,2,0.3978362051613031
US_OW98||Taylor,US_OW98,Taylor,0.07779394727026556,0.03268058970570564,-0.004156508017331362,0.0102668286742065,1,7,0.009496674000274652,0.001639135996811092,4.160000116826268e-06,0.0005795686608708534,3,12,-0.9469513415861002,0.017250705510377884,-0.986475944519043,0.2105535017716279,1,0,-0.9554681357549271,0.015631698071956635,-0.9878870248794556,0.21076774540000795,1,0,1,2,0.3978362051613031
US_PM08fl||Growth,US_PM08fl,Growth,1.4988940241746604,0.28184351325035095,-0.02961266040802002,0.11110956388012423,3,15,1.8248206418938935,0.24687860906124115,-0.02239416539669037,0.10179681289863435,4,17,-1.2245355653576553,0.15813788771629333,-0.9839499592781067,0.28697770847514426,8,0,-2.8775321301072836,0.10075335204601288,-1.1649084091186523,0.3518299313622948,10,0,1,2,0.3978362051613031
US_PM08fl||Inertial_Taylor,US_PM08fl,Inertial_Taylor,1.2468259991146624,0.2746471166610718,-0.04996637627482414,0.11403344232805754,3,14,1.3350249081267975,0.21266774833202362,-0.03328052535653114,0.09232225936693218,3,15,-1.2492204597219825,0.19506925344467163,-0.986037015914917,0.2944305093025556,8,0,-2.4419214902445674,0.1677507907152176,-1.1413443088531494,0.355093804106475,10,0,1,2,0.3978362051613031
US_PM08fl||Taylor,US_PM08fl,Taylor,0.3330849548219703,0.148702472448349,-0.007753367070108652,0.0394279649322718,1,9,0.28533092675934313,0.06294004619121552,-0.0017562180291861296,0.019657672681638243,2,13,-0.40506573749007657,0.10052940994501114,-0.9837613701820374,0.21917423352301238,1,0,-0.6569020048191305,0.06047981232404709,-1.0200811624526978,0.22226209457486104,3,0,1,2,0.3978362051613031
US_PV15||Growth,US_PV15,Growth,-0.12459300830960274,0.29847419261932373,-0.10596713423728943,0.12873438241835716,1,10,0.2838904724922031,0.03926819935441017,-0.004549649078398943,0.015495274817750527,3,20,-3.6946368448843714,0.001209481037221849,-0.9665204286575317,0.24650548699111072,18,0,-3.954193683573976,0.0053796772845089436,-0.9996693134307861,0.25964176988384396,18,0,1,2,0.3978362051613031
US_PV15||Inertial_Taylor,US_PV15,Inertial_Taylor,0.4504508429672569,0.26918044686317444,-0.07278359681367874,0.10017558609136823,1,8,0.2737807920057094,0.033927105367183685,-0.000535820028744638,0.011733194409642192,2,20,-3.360326901078224,-0.0010668010218068957,-0.9691908359527588,0.25192544341565687,20,0,-3.6157194486586377,-0.000220758025534451,-0.9986095428466797,0.261924365446281,20,0,1,2,0.3978362051613031
US_PV15||Taylor,US_PV15,Taylor,-0.007866731932153925,0.05867323279380798,-0.012202112004160881,0.016006653978434534,0,7,0.021505598037038,0.0033650710247457027,1.630000042496249e-05,0.0010581207909190146,1,20,-0.9717535635863896,0.01729484274983406,-0.9694204926490784,0.20647899381267715,1,0,-0.9899389264173806,0.014487861655652523,-0.9727855920791626,0.20702540257454669,1,0,1,2,0.3978362051613031
US_RA07||Growth,US_RA07,Growth,1.216906453773845,0.37582123279571533,-0.05304183438420296,0.1361105572122935,1,10,1.448981117195217,0.26358723640441895,-0.027009267359972,0.10507720511618057,2,13,-1.792641835170798,0.07103505730628967,-0.9480761289596558,0.2521043291294382,8,0,-3.104609846137464,0.06943272054195404,-1.1736174821853638,0.3362007131721382,10,0,1,2,0.3978362051613031
US_RA07||Inertial_Taylor,US_RA07,Inertial_Taylor,0.9982792907976545,0.32599857449531555,-0.043517567217350006,0.11424229824760544,1,9,1.060348678180162,0.2009926438331604,-0.013446299359202385,0.07537110202073641,2,12,-1.8965769459027797,0.08315286040306091,-0.9550000429153442,0.25896061104360213,8,0,-2.8486951147206128,0.07798894494771957,-1.132314920425415,0.3228849925814261,9,0,1,2,0.3978362051613031
US_RA07||Taylor,US_RA07,Taylor,0.10703285067575052,0.052963703870773315,-0.0009374030050821602,0.013330504602541378,0,9,0.06637690580828348,0.012206212617456913,-8.740000339457765e-05,0.004088832743301357,1,20,-0.846735070579598,0.024873899295926094,-0.9700159430503845,0.2080338767739823,1,0,-0.9036805597534112,0.013542397879064083,-0.9822221398353577,0.210061172276895,1,0,1,2,0.3978362051613031
US_RE09||Growth,US_RE09,Growth,0.2240621682026358,0.06559501588344574,3.6100000215810724e-06,0.02037366026527215,1,16,1.1579477924292974,0.5035364627838135,-5.100000180391362e-06,0.12828328999227892,1,17,-2.263071373058139,6.129999974291422e-07,-0.9648997187614441,0.24642619842302665,18,0,-3.132464750084182,0.0,-1.4684362411499023,0.3607557284190346,16,0,1,2,0.3978362051613031
US_RE09||Inertial_Taylor,US_RE09,Inertial_Taylor,0.21652788119558863,0.06389854103326797,3.330000026835478e-06,0.019863655455411567,1,16,1.0671447921740764,0.48835429549217224,-0.00953698717057705,0.12461276847676694,1,4,-2.291001671974527,-2.680000079635647e-06,-0.9655448794364929,0.24712268701001955,18,0,-3.0748921665490343,0.0,-1.4538991451263428,0.3563769198474269,16,0,1,2,0.3978362051613031
US_RE09||Taylor,US_RE09,Taylor,0.02051853085923483,0.018432410433888435,6.439999822305253e-08,0.003907286555271286,0,17,0.020735961272293935,0.08260665833950043,-0.0762985497713089,0.025002356889778265,0,1,-0.9586318059849646,0.008116982877254486,-0.9598063230514526,0.20446929250715506,3,0,-0.8967596335860435,2.000888343900442e-09,-0.8835077881813049,0.18801364466721782,17,0,1,2,0.3978362051613031
US_RS99||Growth,US_RS99,Growth,3.696088867262006,0.2895803153514862,0.0,0.08370191363857384,7,0,3.029937742743641,0.2835099697113037,0.0,0.09950233706052385,20,0,-0.8152703940868378,0.3215474486351013,-1.0,0.35470195932034404,20,0,-4.135075055062771,0.031680524349212646,-1.0,0.26664352455545987,20,0,1,2,0.3978362051613031
US_RS99||Inertial_Taylor,US_RS99,Inertial_Taylor,3.170010106638074,0.28912612795829773,0.0,0.0973752833257961,7,0,2.8642755211330946,0.2444385290145874,-4.610000108837579e-16,0.09058614035058106,20,1,0.25976464757695794,0.3579290807247162,-1.0,0.38607463541506976,20,0,-2.8487206548452377,0.11371931433677673,-1.0,0.3038754248871298,20,0,1,2,0.3978362051613031
US_RS99||Taylor,US_RS99,Taylor,0.6220658749807626,0.10268526524305344,-0.01437490712851286,0.03734910006557122,4,20,0.7760740532539789,0.052233144640922546,0.0,0.018583444508379388,14,0,0.3652548911049962,0.08120164275169373,-1.0,0.22818243525825607,10,0,-0.457755321636796,0.036235108971595764,-1.0,0.21883398579543756,4,0,1,2,0.3978362051613031
US_SW07||Growth,US_SW07,Growth,2.5497076247556834,0.3194964826107025,-0.00316294701769948,0.11426976213515097,2,20,1.3230807197032846,0.16783149540424347,-0.004852714948356152,0.060661723603482195,1,20,-1.9983373641734943,0.04733906686306,-0.9628702998161316,0.2581983615875756,9,0,-3.1767089013010263,0.014250146225094795,-1.1307017803192139,0.30642106726666585,12,0,1,2,0.3978362051613031
US_SW07||Inertial_Taylor,US_SW07,Inertial_Taylor,1.559989714063704,0.2607446014881134,-0.011262566782534122,0.09799936545462642,2,15,0.5383120237383991,0.09019268304109573,-0.003886912018060684,0.03327038995354789,1,18,-2.390476885251701,0.04030821844935417,-0.9720901846885681,0.2639410185172663,9,0,-2.8492048296611756,0.03486798703670502,-1.062282919883728,0.292520507645057,10,0,1,2,0.3978362051613031
US_SW07||Taylor,US_SW07,Taylor,0.1357715945923701,0.043429967015981674,-0.0004250879865139723,0.011761496900337919,0,14,0.034854342624385026,0.005664179101586342,-1.7500000467407517e-05,0.0018963366127513663,1,20,-0.8798114569726749,0.019738372415304184,-0.976341724395752,0.20903733829601936,1,0,-0.9094597496550705,0.014691038057208061,-0.9820058941841125,0.20995025320294272,1,0,1,2,0.3978362051613031
US_VI16gk||Growth,US_VI16gk,Growth,12.349597096443176,0.7544093132019043,0.37287095189094543,0.11965526383234701,2,20,1.7100953760091215,0.19517269730567932,-0.014126178808510303,0.06994046336467416,2,20,-0.5237744143232703,0.14687123894691467,-0.9209668040275574,0.2578910289217564,8,0,-2.0690516643226147,0.07188808917999268,-1.1117939949035645,0.3030932253261632,10,0,1,2,0.3978362051613031
US_VI16gk||Inertial_Taylor,US_VI16gk,Inertial_Taylor,3.98046400770545,0.4201897084712982,0.05798015370965004,0.11676983659321534,1,20,-0.6540373796597123,0.012949636206030846,-0.046908583492040634,0.019880912020490863,0,13,-2.8170275730080903,0.004880161955952644,-0.9570335745811462,0.24888790058947988,10,0,-2.1114929858595133,0.05098472535610199,-0.9688855409622192,0.2656141224773168,10,0,1,2,0.3978362051613031
US_VMDno||Growth,US_VMDno,Growth,1.3772025983780622,0.18739087879657745,0.02817440591752529,0.05314025079719876,1,11,1.0023624439891137,0.1724480390548706,-0.003982732072472572,0.06289470382890981,2,13,-2.4360378555138595,0.027154939249157906,-0.9735907912254333,0.2612583429609418,9,0,-3.344063725322485,0.026016032323241234,-1.126697063446045,0.31644690278417215,10,0,1,2,0.3978362051613031
US_VMDno||Inertial_Taylor,US_VMDno,Inertial_Taylor,1.0185163244605064,0.16409894824028015,0.014758802019059658,0.04867279021756166,1,10,0.4112151642329991,0.1268962025642395,-0.022759564220905304,0.052230694482104836,2,12,-2.799764838331612,0.013547390699386597,-0.9773979783058167,0.2596033924540531,9,0,-3.123472118983045,0.03348620608448982,-1.0944188833236694,0.3066900594501307,9,0,1,2,0.3978362051613031
US_VMDno||Taylor,US_VMDno,Taylor,0.0717041336465627,0.02078171633183956,0.0007233460200950503,0.0045961061886466755,0,6,0.012408058952132706,0.007650785148143768,-0.0018382100388407707,0.0030499290700531506,1,20,-0.9414811633905629,0.011342089623212814,-0.9873228073120117,0.21079467978788557,1,0,-0.9459050981095061,0.007821973413228989,-0.9949735999107361,0.21242485398326055,3,0,1,2,0.3978362051613031
US_YR13AL||Growth,US_YR13AL,Growth,2.4471167251467705,0.23009219765663147,0.035958487540483475,0.06724889438585895,3,20,1.6241416707634926,0.1517220437526703,0.03252536058425903,0.04120735978860527,2,20,-0.6729587502777576,0.15848636627197266,-0.9790001511573792,0.30341968926170065,10,0,-2.228511955589056,0.10547710955142975,-1.1208398342132568,0.33856027971450897,11,0,1,2,0.3978362051613031
US_YR13AL||Inertial_Taylor,US_YR13AL,Inertial_Taylor,2.4471167251467705,0.23009219765663147,0.035958487540483475,0.06724889438585895,3,20,1.6241416707634926,0.1517220437526703,0.03252536058425903,0.04120735978860527,2,20,-0.6729587502777576,0.15848636627197266,-0.9790001511573792,0.30341968926170065,10,0,-2.228511955589056,0.10547710955142975,-1.1208398342132568,0.33856027971450897,11,0,1,2,0.3978362051613031
US_YR13AL||Taylor,US_YR13AL,Taylor,0.47799015138298273,0.026793232187628746,0.01531772967427969,0.003891413918907971,6,20,0.37837756518274546,0.02067318744957447,0.012474066577851772,0.002349361991053762,4,0,-0.22622989490628242,0.044251054525375366,-0.98731529712677,0.21843064722417327,6,0,-0.6058005839586258,0.024120058864355087,-1.005198359489441,0.21837158504843096,7,0,1,2,0.3978362051613031
